player_name,position,team,adp,draft_count,snapshot_date,first_name,last_name,fpts_ppr,model_overall_rank,model_pos_rank_str,rank_diff,pos_rank,adp_prev,adp_change,value_score
Ja'Marr Chase,WR,CIN,1.0,,2026-03-03,Ja'Marr,Chase,407.3,1.0,WR1,0.0,,,,
Josh Allen,QB,BUF,1.0,,2026-03-03,Josh,Allen,392.4,2.0,QB1,1.0,,,,
Bijan Robinson,RB,ATL,2.0,,2026-03-03,Bijan,Robinson,328.2,11.0,RB2,9.0,,,,
Saquon Barkley,RB,PHI,2.0,,2026-03-03,Saquon,Barkley,220.4,74.0,RB13,72.0,,,,
Drake Maye,QB,NE,2.0,,2026-03-03,Drake,Maye,250.7,47.0,QB24,45.0,,,,
Joe Burrow,QB,CIN,3.0,,2026-03-03,Joe,Burrow,354.4,6.0,QB5,3.0,,,,
Jayden Daniels,QB,WAS,4.0,,2026-03-03,Jayden,Daniels,362.3,4.0,QB3,0.0,,,,
Jahmyr Gibbs,RB,DET,4.0,,2026-03-03,Jahmyr,Gibbs,341.5,7.0,RB1,3.0,,,,
Justin Jefferson,WR,MIN,5.0,,2026-03-03,Justin,Jefferson,299.7,20.0,WR5,15.0,,,,
Puka Nacua,WR,LAR,6.0,,2026-03-03,Puka,Nacua,268.1,34.0,WR10,28.0,,,,
CeeDee Lamb,WR,DAL,6.0,,2026-03-03,CeeDee,Lamb,318.3,12.0,WR3,6.0,,,,
Michael Penix,QB,ATL,7.0,,2026-03-03,Michael,Penix,,,,,,,,
Jaxon Smith-Njigba,WR,SEA,7.0,,2026-03-03,Jaxon,Smith-Njigba,207.4,91.0,WR31,84.0,,,,
Ashton Jeanty,RB,LV,8.0,,2026-03-03,Ashton,Jeanty,,,,,,,,
Amon-Ra St. Brown,WR,DET,8.0,,2026-03-03,Amon-Ra,St. Brown,271.2,31.0,WR7,23.0,,,,
Christian McCaffrey,RB,SF,8.0,,2026-03-03,Christian,McCaffrey,164.8,134.0,RB25,126.0,,,,
Lamar Jackson,QB,BAL,8.0,,2026-03-03,Lamar,Jackson,378.9,3.0,QB2,-5.0,,,,
Jalen Hurts,QB,PHI,9.0,,2026-03-03,Jalen,Hurts,339.2,9.0,QB6,0.0,,,,
Malik Nabers,WR,NYG,11.0,,2026-03-03,Malik,Nabers,268.6,33.0,WR9,22.0,,,,
Patrick Mahomes,QB,KC,12.0,,2026-03-03,Patrick,Mahomes,337.3,10.0,QB7,-2.0,,,,
Josh Jacobs,RB,GB,13.0,,2026-03-03,Josh,Jacobs,218.9,76.0,RB15,63.0,,,,
Nico Collins,WR,HOU,13.0,,2026-03-03,Nico,Collins,296.3,21.0,WR6,8.0,,,,
De'Von Achane,RB,MIA,15.0,,2026-03-03,De'Von,Achane,291.5,23.0,RB3,8.0,,,,
Jonathan Taylor,RB,IND,15.0,,2026-03-03,Jonathan,Taylor,256.1,39.0,RB8,24.0,,,,
Brian Thomas,WR,JAX,15.0,,2026-03-03,Brian,Thomas,,,,,,,,
Caleb Williams,QB,CHI,16.0,,2026-03-03,Caleb,Williams,229.4,68.0,QB33,52.0,,,,
Drake London,WR,ATL,17.0,,2026-03-03,Drake,London,257.9,38.0,WR12,21.0,,,,
Justin Herbert,QB,LAC,18.0,,2026-03-03,Justin,Herbert,281.8,26.0,QB16,8.0,,,,
Jaxson Dart,QB,NYG,19.0,,2026-03-03,Jaxson,Dart,,,,,,,,
A.J. Brown,WR,PHI,19.0,,2026-03-03,A.J.,Brown,235.9,60.0,WR18,41.0,,,,
Brock Bowers,TE,LV,20.0,,2026-03-03,Brock,Bowers,230.5,67.0,TE2,47.0,,,,
Trevor Lawrence,QB,JAX,20.0,,2026-03-03,Trevor,Lawrence,261.5,36.0,QB19,16.0,,,,
Kyren Williams,RB,LAR,23.0,,2026-03-03,Kyren,Williams,272.0,29.0,RB6,6.0,,,,
Ladd McConkey,WR,LAC,23.0,,2026-03-03,Ladd,McConkey,255.9,42.0,WR13,19.0,,,,
Bucky Irving,RB,TB,23.0,,2026-03-03,Bucky,Irving,235.3,62.0,RB11,39.0,,,,
Chase Brown,RB,CIN,23.0,,2026-03-03,Chase,Brown,219.1,75.0,RB14,52.0,,,,
Brock Purdy,QB,SF,25.0,,2026-03-03,Brock,Purdy,309.3,13.0,QB8,-12.0,,,,
James Cook,RB,BUF,26.0,,2026-03-03,James,Cook,245.6,48.0,RB10,22.0,,,,
Bo Nix,QB,DEN,26.0,,2026-03-03,Bo,Nix,308.4,16.0,QB10,-10.0,,,,
Omarion Hampton,RB,LAC,28.0,,2026-03-03,Omarion,Hampton,,,,,,,,
George Pickens,WR,DAL,28.0,,2026-03-03,George,Pickens,209.6,90.0,WR30,62.0,,,,
Michael Wilson,WR,ARI,28.0,,2026-03-03,Michael,Wilson,127.5,199.0,WR69,171.0,,,,
Trey McBride,TE,ARI,29.0,,2026-03-03,Trey,McBride,252.6,43.0,TE1,14.0,,,,
Lew Nichols,RB,PIT,29.0,,2026-03-03,Lew,Nichols,,,,,,,,
Tee Higgins,WR,CIN,31.0,,2026-03-03,Tee,Higgins,309.2,14.0,WR4,-17.0,,,,
Breece Hall,RB,NYJ,32.0,,2026-03-03,Breece,Hall,271.3,30.0,RB7,-2.0,,,,
Chris Olave,WR,NO,32.0,,2026-03-03,Chris,Olave,148.4,164.0,WR52,132.0,,,,
Tetairoa McMillan,WR,CAR,33.0,,2026-03-03,Tetairoa,McMillan,,,,,,,,
Dak Prescott,QB,DAL,34.0,,2026-03-03,Dak,Prescott,289.9,25.0,QB15,-9.0,,,,
Ricky Pearsall,WR,SF,34.0,,2026-03-03,Ricky,Pearsall,134.3,191.0,WR65,157.0,,,,
Rashee Rice,WR,KC,35.0,,2026-03-03,Rashee,Rice,340.3,8.0,WR2,-27.0,,,,
David Montgomery,RB,HOU,37.0,,2026-03-03,David,Montgomery,188.7,103.0,RB18,66.0,,,,
Garrett Wilson,WR,NYJ,37.0,,2026-03-03,Garrett,Wilson,211.6,86.0,WR29,49.0,,,,
Marvin Harrison,WR,ARI,39.0,,2026-03-03,Marvin,Harrison,,,,,,,,
Juwan Johnson,TE,NO,39.0,,2026-03-03,Juwan,Johnson,93.3,267.0,TE36,228.0,,,,
Jaylen Warren,RB,PIT,39.0,,2026-03-03,Jaylen,Warren,141.8,179.0,RB38,140.0,,,,
Emeka Egbuka,WR,TB,40.0,,2026-03-03,Emeka,Egbuka,,,,,,,,
Kenneth Walker,RB,SEA,41.0,,2026-03-03,Kenneth,Walker,,,,,,,,
Jordan Love,QB,GB,42.0,,2026-03-03,Jordan,Love,252.3,45.0,QB22,3.0,,,,
Travis Hunter,WR,JAX,44.0,,2026-03-03,Travis,Hunter,,,,,,,,
Bryce Ford-Wheaton,WR,NYG,44.0,,2026-03-03,Bryce,Ford-Wheaton,0.0,1065.0,WR429,1021.0,,,,
TreVeyon Henderson,RB,NE,44.0,,2026-03-03,TreVeyon,Henderson,,,,,,,,
Jameson Williams,WR,DET,45.0,,2026-03-03,Jameson,Williams,222.2,72.0,WR23,27.0,,,,
Pat Bryant,WR,DEN,45.0,,2026-03-03,Pat,Bryant,,,,,,,,
Jauan Jennings,WR,SF,46.0,,2026-03-03,Jauan,Jennings,212.0,85.0,WR28,39.0,,,,
Blake Corum,RB,LAR,46.0,,2026-03-03,Blake,Corum,21.2,703.0,RB228,657.0,,,,
Christian Watson,WR,GB,47.0,,2026-03-03,Christian,Watson,136.6,187.0,WR62,140.0,,,,
Baker Mayfield,QB,TB,47.0,,2026-03-03,Baker,Mayfield,304.4,18.0,QB12,-29.0,,,,
Justin Shorter,WR,LV,50.0,,2026-03-03,Justin,Shorter,,,,,,,,
Tyler Shough,QB,NO,51.0,,2026-03-03,Tyler,Shough,,,,,,,,
Xavier Worthy,WR,KC,51.0,,2026-03-03,Xavier,Worthy,172.8,120.0,WR39,69.0,,,,
Rome Odunze,WR,CHI,51.0,,2026-03-03,Rome,Odunze,140.6,181.0,WR58,130.0,,,,
Geno Smith,QB,LV,51.0,,2026-03-03,Geno,Smith,225.1,71.0,QB35,20.0,,,,
DeVonta Smith,WR,PHI,52.0,,2026-03-03,DeVonta,Smith,221.0,73.0,WR24,21.0,,,,
Michael Pittman,WR,IND,54.0,,2026-03-03,Michael,Pittman,181.2,114.0,WR37,60.0,,,,
C.J. Stroud,QB,HOU,55.0,,2026-03-03,C.J.,Stroud,255.9,40.0,QB20,-15.0,,,,
RJ Harvey,RB,DEN,55.0,,2026-03-03,RJ,Harvey,,,,,,,,
Chris Godwin,WR,TB,56.0,,2026-03-03,Chris,Godwin,,,,,,,,
Kyle Monangai,RB,CHI,56.0,,2026-03-03,Kyle,Monangai,,,,,,,,
Sam Darnold,QB,SEA,56.0,,2026-03-03,Sam,Darnold,296.2,22.0,QB14,-34.0,,,,
Luther Burden,WR,CHI,57.0,,2026-03-03,Luther,Burden,,,,,,,,
Zack Kuntz,TE,MIA,57.0,,2026-03-03,Zack,Kuntz,,,,,,,,
Jared Goff,QB,DET,58.0,,2026-03-03,Jared,Goff,277.4,27.0,QB17,-31.0,,,,
Zay Flowers,WR,BAL,59.0,,2026-03-03,Zay,Flowers,216.7,78.0,WR25,19.0,,,,
Courtland Sutton,WR,DEN,59.0,,2026-03-03,Courtland,Sutton,238.0,57.0,WR17,-2.0,,,,
Colston Loveland,TE,CHI,61.0,,2026-03-03,Colston,Loveland,,,,,,,,
Brenton Strange,TE,JAX,62.0,,2026-03-03,Brenton,Strange,101.0,251.0,TE33,189.0,,,,
Jaylen Waddle,WR,MIA,62.0,,2026-03-03,Jaylen,Waddle,159.0,142.0,WR45,80.0,,,,
Oronde Gadsden,TE,LAC,63.0,,2026-03-03,Oronde,Gadsden,,,,,,,,
Tyler Warren,TE,IND,63.0,,2026-03-03,Tyler,Warren,,,,,,,,
Quinshon Judkins,RB,CLE,65.0,,2026-03-03,Quinshon,Judkins,,,,,,,,
Jalen McMillan,WR,TB,66.0,,2026-03-03,Jalen,McMillan,168.1,127.0,WR40,61.0,,,,
Harold Fannin,TE,CLE,68.0,,2026-03-03,Harold,Fannin,,,,,,,,
Romeo Doubs,WR,GB,68.0,,2026-03-03,Romeo,Doubs,158.7,143.0,WR46,75.0,,,,
Javonte Williams,RB,DAL,69.0,,2026-03-03,Javonte,Williams,145.4,170.0,RB37,101.0,,,,
Tucker Kraft,TE,GB,69.0,,2026-03-03,Tucker,Kraft,142.8,177.0,TE16,108.0,,,,
Cam Skattebo,RB,NYG,70.0,,2026-03-03,Cam,Skattebo,,,,,,,,
Shedeur Sanders,QB,CLE,70.0,,2026-03-03,Shedeur,Sanders,,,,,,,,
Sam LaPorta,TE,DET,71.0,,2026-03-03,Sam,LaPorta,203.5,95.0,TE4,24.0,,,,
DK Metcalf,WR,PIT,73.0,,2026-03-03,DK,Metcalf,213.8,84.0,WR27,11.0,,,,
Davante Adams,WR,LAR,74.0,,2026-03-03,Davante,Adams,199.0,96.0,WR33,22.0,,,,
Tua Tagovailoa,QB,MIA,76.0,,2026-03-03,Tua,Tagovailoa,307.8,17.0,QB11,-59.0,,,,
Maurice Alexander,WR,CHI,76.0,,2026-03-03,Maurice,Alexander,26.5,642.0,WR215,566.0,,,,
Tony Pollard,RB,TEN,76.0,,2026-03-03,Tony,Pollard,196.0,99.0,RB17,23.0,,,,
Kyler Murray,QB,ARI,77.0,,2026-03-03,Kyler,Murray,308.9,15.0,QB9,-62.0,,,,
Rashid Shaheed,WR,SEA,78.0,,2026-03-03,Rashid,Shaheed,195.5,100.0,WR35,22.0,,,,
Cam Ward,QB,TEN,79.0,,2026-03-03,Cam,Ward,,,,,,,,
Zach Charbonnet,RB,SEA,80.0,,2026-03-03,Zach,Charbonnet,150.0,158.0,RB32,78.0,,,,
Jordan Addison,WR,MIN,80.0,,2026-03-03,Jordan,Addison,234.7,63.0,WR20,-17.0,,,,
Bryce Young,QB,CAR,81.0,,2026-03-03,Bryce,Young,205.4,94.0,QB43,13.0,,,,
Jayden Reed,WR,GB,82.0,,2026-03-03,Jayden,Reed,153.2,149.0,WR47,67.0,,,,
Travis Etienne,RB,JAX,83.0,,2026-03-03,Travis,Etienne,153.7,148.0,RB29,65.0,,,,
Kyle Pitts,TE,ATL,84.0,,2026-03-03,Kyle,Pitts,108.1,238.0,TE28,154.0,,,,
Chuba Hubbard,RB,CAR,84.0,,2026-03-03,Chuba,Hubbard,255.9,41.0,RB9,-43.0,,,,
Matthew Stafford,QB,LAR,84.0,,2026-03-03,Matthew,Stafford,152.6,153.0,QB64,69.0,,,,
AJ Barner,TE,SEA,85.0,,2026-03-03,AJ,Barner,61.9,376.0,TE49,291.0,,,,
Kayshon Boutte,WR,NE,86.0,,2026-03-03,Kayshon,Boutte,124.5,205.0,WR72,119.0,,,,
Jakobi Meyers,WR,JAX,86.0,,2026-03-03,Jakobi,Meyers,244.8,49.0,WR14,-37.0,,,,
Dalton Kincaid,TE,BUF,87.0,,2026-03-03,Dalton,Kincaid,140.4,182.0,TE18,95.0,,,,
Rhamondre Stevenson,RB,NE,87.0,,2026-03-03,Rhamondre,Stevenson,152.9,151.0,RB30,64.0,,,,
Wan'Dale Robinson,WR,NYG,88.0,,2026-03-03,Wan'Dale,Robinson,214.1,82.0,WR26,-6.0,,,,
Derrick Henry,RB,BAL,89.0,,2026-03-03,Derrick,Henry,127.4,201.0,RB41,112.0,,,,
DJ Moore,WR,CHI,92.0,,2026-03-03,DJ,Moore,232.6,65.0,WR21,-27.0,,,,
Quentin Johnston,WR,LAC,95.0,,2026-03-03,Quentin,Johnston,143.8,173.0,WR55,78.0,,,,
Daniel Jones,QB,IND,96.0,,2026-03-03,Daniel,Jones,250.8,46.0,QB23,-50.0,,,,
James Conner,RB,ARI,96.0,,2026-03-03,James,Conner,165.6,130.0,RB24,34.0,,,,
Terry McLaurin,WR,WAS,97.0,,2026-03-03,Terry,McLaurin,206.4,92.0,WR32,-5.0,,,,
Trey Benson,RB,ARI,98.0,,2026-03-03,Trey,Benson,42.9,497.0,RB154,399.0,,,,
D'Andre Swift,RB,CHI,98.0,,2026-03-03,D'Andre,Swift,185.9,108.0,RB20,10.0,,,,
Anthony Richardson,QB,IND,98.0,,2026-03-03,Anthony,Richardson,264.5,35.0,QB18,-63.0,,,,
Kimani Vidal,RB,LAC,99.0,,2026-03-03,Kimani,Vidal,56.2,415.0,RB119,316.0,,,,
Tyler Higbee,TE,LAR,100.0,,2026-03-03,Tyler,Higbee,123.5,207.0,TE23,107.0,,,,
J.J. McCarthy,QB,MIN,101.0,,2026-03-03,J.J.,McCarthy,,,,,,,,
Woody Marks,RB,HOU,102.0,,2026-03-03,Woody,Marks,,,,,,,,
Troy Franklin,WR,DEN,102.0,,2026-03-03,Troy,Franklin,69.3,339.0,WR129,237.0,,,,
Chig Okonkwo,TE,TEN,102.0,,2026-03-03,Chig,Okonkwo,110.2,229.0,TE26,127.0,,,,
Khalil Shakir,WR,BUF,103.0,,2026-03-03,Khalil,Shakir,235.8,61.0,WR19,-42.0,,,,
Cade Otton,TE,TB,106.0,,2026-03-03,Cade,Otton,171.0,124.0,TE8,18.0,,,,
Braelon Allen,RB,NYJ,106.0,,2026-03-03,Braelon,Allen,63.0,368.0,RB97,262.0,,,,
KeAndre Lambert-Smith,WR,LAC,107.0,,2026-03-03,KeAndre,Lambert-Smith,,,,,,,,
Jimmy Horn,WR,CAR,109.0,,2026-03-03,Jimmy,Horn,,,,,,,,
Alec Pierce,WR,IND,109.0,,2026-03-03,Alec,Pierce,138.1,185.0,WR61,76.0,,,,
Jayden Higgins,WR,HOU,110.0,,2026-03-03,Jayden,Higgins,,,,,,,,
Matthew Golden,WR,GB,111.0,,2026-03-03,Matthew,Golden,,,,,,,,
Jalen Coker,WR,CAR,111.0,,2026-03-03,Jalen,Coker,134.4,190.0,WR64,79.0,,,,
Theo Johnson,TE,NYG,113.0,,2026-03-03,Theo,Johnson,118.9,214.0,TE24,101.0,,,,
Josh Downs,WR,IND,115.0,,2026-03-03,Josh,Downs,239.9,56.0,WR16,-59.0,,,,
George Kittle,TE,SF,115.0,,2026-03-03,George,Kittle,209.8,89.0,TE3,-26.0,,,,
Keenan Allen,WR,LAC,116.0,,2026-03-03,Keenan,Allen,142.5,178.0,WR57,62.0,,,,
Kaleb Johnson,RB,PIT,117.0,,2026-03-03,Kaleb,Johnson,,,,,,,,
Mike Evans,WR,TB,117.0,,2026-03-03,Mike,Evans,182.4,113.0,WR36,-4.0,,,,
Dennis Houston,WR,TB,118.0,,2026-03-03,Dennis,Houston,21.6,698.0,WR240,580.0,,,,
Jake Ferguson,TE,DAL,118.0,,2026-03-03,Jake,Ferguson,143.3,174.0,TE15,56.0,,,,
Brandon Aiyuk,WR,SF,119.0,,2026-03-03,Brandon,Aiyuk,144.5,172.0,WR54,53.0,,,,
Tyler Allgeier,RB,ATL,120.0,,2026-03-03,Tyler,Allgeier,107.5,239.0,RB46,119.0,,,,
Kendric Pryor,WR,CIN,120.0,,2026-03-03,Kendric,Pryor,36.8,544.0,WR187,424.0,,,,
Stefon Diggs,WR,NE,121.0,,2026-03-03,Stefon,Diggs,163.2,137.0,WR44,16.0,,,,
Rico Dowdle,RB,CAR,122.0,,2026-03-03,Rico,Dowdle,159.9,140.0,RB27,18.0,,,,
Erick All,TE,CIN,123.0,,2026-03-03,Erick,All,80.5,299.0,TE39,176.0,,,,
Brian Robinson,RB,SF,125.0,,2026-03-03,Brian,Robinson,156.3,145.0,RB28,20.0,,,,
Mark Andrews,TE,BAL,125.0,,2026-03-03,Mark,Andrews,148.2,166.0,TE14,41.0,,,,
Parker Washington,WR,JAX,126.0,,2026-03-03,Parker,Washington,88.8,275.0,WR104,149.0,,,,
Mason Taylor,TE,NYJ,127.0,,2026-03-03,Mason,Taylor,,,,,,,,
Dalton Schultz,TE,HOU,127.0,,2026-03-03,Dalton,Schultz,137.0,186.0,TE19,59.0,,,,
Cade Stover,TE,HOU,127.0,,2026-03-03,Cade,Stover,39.5,524.0,TE80,397.0,,,,
Isaac TeSlaa,WR,DET,128.0,,2026-03-03,Isaac,TeSlaa,,,,,,,,
Bhayshul Tuten,RB,JAX,130.0,,2026-03-03,Bhayshul,Tuten,,,,,,,,
Xavier Restrepo,WR,TEN,131.0,,2026-03-03,Xavier,Restrepo,,,,,,,,
Tyler Lockett,WR,LV,131.0,,2026-03-03,Tyler,Lockett,74.3,320.0,WR124,189.0,,,,
Dameon Pierce,RB,KC,132.0,,2026-03-03,Dameon,Pierce,19.4,731.0,RB235,599.0,,,,
Jarrett Stidham,QB,DEN,133.0,,2026-03-03,Jarrett,Stidham,10.0,843.0,QB118,710.0,,,,
Rasheen Ali,RB,BAL,134.0,,2026-03-03,Rasheen,Ali,5.3,986.0,RB268,852.0,,,,
Brittain Brown,RB,CHI,135.0,,2026-03-03,Brittain,Brown,,,,,,,,
Tank Dell,WR,HOU,138.0,,2026-03-03,Tank,Dell,178.4,115.0,WR38,-23.0,,,,
Tyrone Tracy,RB,NYG,138.0,,2026-03-03,Tyrone,Tracy,,,,,,,,
Kenneth Gainwell,RB,PIT,139.0,,2026-03-03,Kenneth,Gainwell,53.5,434.0,RB127,295.0,,,,
Jonathon Brooks,RB,CAR,140.0,,2026-03-03,Jonathon,Brooks,7.9,901.0,RB262,761.0,,,,
J.K. Dobbins,RB,DEN,140.0,,2026-03-03,J.K.,Dobbins,225.8,70.0,RB12,-70.0,,,,
Brashard Smith,RB,KC,141.0,,2026-03-03,Brashard,Smith,,,,,,,,
Dallas Goedert,TE,PHI,144.0,,2026-03-03,Dallas,Goedert,151.6,156.0,TE12,12.0,,,,
Colby Parkinson,TE,LAR,144.0,,2026-03-03,Colby,Parkinson,54.6,424.0,TE59,280.0,,,,
Keon Coleman,WR,BUF,145.0,,2026-03-03,Keon,Coleman,107.2,240.0,WR88,95.0,,,,
Tory Horton,WR,SEA,146.0,,2026-03-03,Tory,Horton,,,,,,,,
Chimere Dike,WR,TEN,147.0,,2026-03-03,Chimere,Dike,,,,,,,,
Jacory Croskey-Merritt,RB,WAS,149.0,,2026-03-03,Jacory,Croskey-Merritt,,,,,,,,
Noah Brown,WR,WAS,150.0,,2026-03-03,Noah,Brown,95.1,263.0,WR98,113.0,,,,
Elijah Arroyo,TE,SEA,151.0,,2026-03-03,Elijah,Arroyo,,,,,,,,
Brandin Cooks,WR,BUF,151.0,,2026-03-03,Brandin,Cooks,104.2,246.0,WR91,95.0,,,,
Malachi Corley,WR,CLE,151.0,,2026-03-03,Malachi,Corley,17.2,752.0,WR262,601.0,,,,
Tre' Harris,WR,LAC,151.0,,2026-03-03,Tre',Harris,,,,,,,,
Evan Engram,TE,DEN,152.0,,2026-03-03,Evan,Engram,165.0,131.0,TE10,-21.0,,,,
Davis Allen,TE,LAR,152.0,,2026-03-03,Davis,Allen,27.7,632.0,TE105,480.0,,,,
Hunter Henry,TE,NE,153.0,,2026-03-03,Hunter,Henry,142.8,176.0,TE16,23.0,,,,
Elic Ayomanor,WR,TEN,154.0,,2026-03-03,Elic,Ayomanor,,,,,,,,
Roschon Johnson,RB,CHI,155.0,,2026-03-03,Roschon,Johnson,73.8,325.0,RB71,170.0,,,,
T.J. Hockenson,TE,MIN,156.0,,2026-03-03,T.J.,Hockenson,171.7,121.0,TE7,-35.0,,,,
Ollie Gordon,RB,MIA,157.0,,2026-03-03,Ollie,Gordon,,,,,,,,
Kyle Williams,WR,NE,157.0,,2026-03-03,Kyle,Williams,,,,,,,,
Tyjae Spears,RB,TEN,157.0,,2026-03-03,Tyjae,Spears,148.7,161.0,RB33,4.0,,,,
Isaiah Likely,TE,BAL,158.0,,2026-03-03,Isaiah,Likely,148.4,165.0,TE13,7.0,,,,
Andy Dalton,QB,CAR,158.0,,2026-03-03,Andy,Dalton,146.4,168.0,QB66,10.0,,,,
Alvin Kamara,RB,NO,158.0,,2026-03-03,Alvin,Kamara,171.5,122.0,RB22,-36.0,,,,
Terrance Ferguson,TE,LAR,159.0,,2026-03-03,Terrance,Ferguson,,,,,,,,
Justin Fields,QB,NYJ,159.0,,2026-03-03,Justin,Fields,241.4,53.0,QB27,-106.0,,,,
Jaylin Noel,WR,HOU,162.0,,2026-03-03,Jaylin,Noel,,,,,,,,
Jerry Jeudy,WR,CLE,165.0,,2026-03-03,Jerry,Jeudy,232.4,66.0,WR22,-99.0,,,,
Jaydon Blue,RB,DAL,165.0,,2026-03-03,Jaydon,Blue,,,,,,,,
Xavier Legette,WR,CAR,167.0,,2026-03-03,Xavier,Legette,152.6,154.0,WR49,-13.0,,,,
Jahdae Walker,WR,CHI,168.0,,2026-03-03,Jahdae,Walker,,,,,,,,
MarShawn Lloyd,RB,GB,171.0,,2026-03-03,MarShawn,Lloyd,50.6,452.0,RB135,281.0,,,,
Tre Tucker,WR,LV,173.0,,2026-03-03,Tre,Tucker,104.9,245.0,WR90,72.0,,,,
Ben Sinnott,TE,WAS,173.0,,2026-03-03,Ben,Sinnott,42.7,501.0,TE74,328.0,,,,
Kevin Austin,WR,NO,174.0,,2026-03-03,Kevin,Austin,,,,,,,,
Jordan Mason,RB,MIN,174.0,,2026-03-03,Jordan,Mason,173.5,119.0,RB21,-55.0,,,,
Isiah Pacheco,RB,KC,175.0,,2026-03-03,Isiah,Pacheco,107.0,241.0,RB47,66.0,,,,
Ben Roethlisberger,QB,PIT,176.0,,2026-03-03,Ben,Roethlisberger,158.1,144.0,QB61,-32.0,,,,
Gunnar Helm,TE,TEN,176.0,,2026-03-03,Gunnar,Helm,,,,,,,,
Malik Willis,QB,GB,177.0,,2026-03-03,Malik,Willis,127.4,200.0,QB70,23.0,,,,
Calvin Ridley,WR,TEN,179.0,,2026-03-03,Calvin,Ridley,131.1,193.0,WR66,14.0,,,,
Cedric Tillman,WR,CLE,180.0,,2026-03-03,Cedric,Tillman,102.3,249.0,WR92,69.0,,,,
Dylan Sampson,RB,CLE,180.0,,2026-03-03,Dylan,Sampson,,,,,,,,
Jacoby Brissett,QB,ARI,182.0,,2026-03-03,Jacoby,Brissett,164.6,135.0,QB57,-47.0,,,,
Adonai Mitchell,WR,NYJ,183.0,,2026-03-03,Adonai,Mitchell,62.2,373.0,WR134,190.0,,,,
Marquise Brown,WR,KC,183.0,,2026-03-03,Marquise,Brown,121.5,210.0,WR75,27.0,,,,
Mac Jones,QB,SF,184.0,,2026-03-03,Mac,Jones,186.6,107.0,QB47,-77.0,,,,
Malik Washington,WR,MIA,184.0,,2026-03-03,Malik,Washington,85.8,281.0,WR108,97.0,,,,
Emanuel Wilson,RB,GB,186.0,,2026-03-03,Emanuel,Wilson,74.2,322.0,RB69,136.0,,,,
Tank Bigsby,RB,PHI,187.0,,2026-03-03,Tank,Bigsby,146.7,167.0,RB35,-20.0,,,,
Jalen Milroe,QB,SEA,189.0,,2026-03-03,Jalen,Milroe,,,,,,,,
Jake Tonges,TE,SF,189.0,,2026-03-03,Jake,Tonges,10.2,836.0,TE163,647.0,,,,
David Njoku,TE,CLE,190.0,,2026-03-03,David,Njoku,187.2,106.0,TE6,-84.0,,,,
Rashod Bateman,WR,BAL,192.0,,2026-03-03,Rashod,Bateman,149.1,160.0,WR51,-32.0,,,,
Jerome Ford,RB,CLE,192.0,,2026-03-03,Jerome,Ford,148.5,162.0,RB34,-30.0,,,,
Devin Neal,RB,NO,193.0,,2026-03-03,Devin,Neal,,,,,,,,
Christian Kirk,WR,HOU,194.0,,2026-03-03,Christian,Kirk,118.1,215.0,WR76,21.0,,,,
Ja'Lynn Polk,WR,NO,197.0,,2026-03-03,Ja'Lynn,Polk,32.6,576.0,WR195,379.0,,,,
Darnell Mooney,WR,ATL,198.0,,2026-03-03,Darnell,Mooney,167.2,129.0,WR42,-69.0,,,,
Sean Tucker,RB,TB,199.0,,2026-03-03,Sean,Tucker,63.0,369.0,RB97,170.0,,,,
DeMario Douglas,WR,NE,199.0,,2026-03-03,DeMario,Douglas,135.8,189.0,WR63,-10.0,,,,
Efton Chism,WR,NE,200.0,,2026-03-03,Efton,Chism,,,,,,,,
Dontayvion Wicks,WR,GB,200.0,,2026-03-03,Dontayvion,Wicks,121.8,208.0,WR73,8.0,,,,
Tyquan Thornton,WR,KC,201.0,,2026-03-03,Tyquan,Thornton,37.9,536.0,WR185,335.0,,,,
Kirk Cousins,QB,ATL,202.0,,2026-03-03,Kirk,Cousins,171.2,123.0,QB55,-79.0,,,,
Joshua Dobbs,QB,NE,202.0,,2026-03-03,Joshua,Dobbs,242.5,52.0,QB26,-150.0,,,,
Pat Freiermuth,TE,PIT,203.0,,2026-03-03,Pat,Freiermuth,130.9,194.0,TE21,-9.0,,,,
Rachaad White,RB,TB,205.0,,2026-03-03,Rachaad,White,152.2,155.0,RB31,-50.0,,,,
Jonnu Smith,TE,PIT,206.0,,2026-03-03,Jonnu,Smith,189.0,101.0,TE5,-105.0,,,,
Jack Bech,WR,LV,207.0,,2026-03-03,Jack,Bech,,,,,,,,
Travis Kelce,TE,KC,208.0,,2026-03-03,Travis,Kelce,170.7,125.0,TE9,-83.0,,,,
Chris Rodriguez,RB,WAS,210.0,,2026-03-03,Chris,Rodriguez,,,,,,,,
Kalif Raymond,WR,DET,211.0,,2026-03-03,Kalif,Raymond,56.4,413.0,WR149,202.0,,,,
Joe Mixon,RB,HOU,212.0,,2026-03-03,Joe,Mixon,187.7,105.0,RB19,-107.0,,,,
Isaiah Bond,WR,CLE,214.0,,2026-03-03,Isaiah,Bond,,,,,,,,
Keaton Mitchell,RB,BAL,214.0,,2026-03-03,Keaton,Mitchell,85.2,284.0,RB57,70.0,,,,
Eric Ebron,TE,PIT,215.0,,2026-03-03,Eric,Ebron,4.9,999.0,TE211,784.0,,,,
Marvin Mims,WR,DEN,215.0,,2026-03-03,Marvin,Mims,,,,,,,,
Ray Davis,RB,BUF,216.0,,2026-03-03,Ray,Davis,80.9,297.0,RB62,81.0,,,,
Ryan Flournoy,WR,DAL,217.0,,2026-03-03,Ryan,Flournoy,61.3,379.0,WR135,162.0,,,,
Devaughn Vele,WR,NO,217.0,,2026-03-03,Devaughn,Vele,109.2,233.0,WR85,16.0,,,,
Tez Johnson,WR,TB,218.0,,2026-03-03,Tez,Johnson,,,,,,,,
Jimmy Garoppolo,QB,LAR,219.0,,2026-03-03,Jimmy,Garoppolo,302.4,19.0,QB13,-200.0,,,,
Najee Harris,RB,LAC,219.0,,2026-03-03,Najee,Harris,170.6,126.0,RB23,-93.0,,,,
Mitchell Trubisky,QB,BUF,221.0,,2026-03-03,Mitchell,Trubisky,27.7,631.0,QB106,410.0,,,,
Jalin Hyatt,WR,NYG,223.0,,2026-03-03,Jalin,Hyatt,34.7,562.0,WR192,339.0,,,,
Jameis Winston,QB,NYG,223.0,,2026-03-03,Jameis,Winston,188.2,104.0,QB46,-119.0,,,,
Cooper Kupp,WR,SEA,223.0,,2026-03-03,Cooper,Kupp,152.8,152.0,WR48,-71.0,,,,
Quinn Ewers,QB,MIA,224.0,,2026-03-03,Quinn,Ewers,,,,,,,,
Damien Martinez,RB,GB,225.0,,2026-03-03,Damien,Martinez,,,,,,,,
Kendre Miller,RB,NO,226.0,,2026-03-03,Kendre,Miller,89.7,274.0,RB53,48.0,,,,
Darius Slayton,WR,NYG,227.0,,2026-03-03,Darius,Slayton,91.2,271.0,WR103,44.0,,,,
Jaylen Wright,RB,MIA,232.0,,2026-03-03,Jaylen,Wright,29.6,607.0,RB200,375.0,,,,
Marcus Mariota,QB,WAS,233.0,,2026-03-03,Marcus,Mariota,84.8,286.0,QB82,53.0,,,,
Isaiah Davis,RB,NYJ,234.0,,2026-03-03,Isaiah,Davis,67.2,346.0,RB85,112.0,,,,
Aaron Rodgers,QB,PIT,235.0,,2026-03-03,Aaron,Rodgers,160.8,139.0,QB59,-96.0,,,,
Le'Veon Bell,RB,TB,235.0,,2026-03-03,Le'Veon,Bell,35.7,554.0,RB174,319.0,,,,
Charlie Kolar,TE,BAL,236.0,,2026-03-03,Charlie,Kolar,37.0,543.0,TE86,307.0,,,,
Michael Mayer,TE,LV,236.0,,2026-03-03,Michael,Mayer,43.3,494.0,TE71,258.0,,,,
Ja'Tavion Sanders,TE,CAR,237.0,,2026-03-03,Ja'Tavion,Sanders,46.2,475.0,TE68,238.0,,,,
Mike Gesicki,TE,CIN,238.0,,2026-03-03,Mike,Gesicki,124.2,206.0,TE22,-32.0,,,,
Velus Jones,WR,SEA,239.0,,2026-03-03,Velus,Jones,,,,,,,,
Devin Singletary,RB,NYG,239.0,,2026-03-03,Devin,Singletary,72.8,327.0,RB73,88.0,,,,
Joe Flacco,QB,CIN,240.0,,2026-03-03,Joe,Flacco,164.9,133.0,QB56,-107.0,,,,
Ihmir Smith-Marsette,WR,ARI,241.0,,2026-03-03,Ihmir,Smith-Marsette,0.0,1062.0,WR429,821.0,,,,
Roman Wilson,WR,PIT,241.0,,2026-03-03,Roman,Wilson,,,,,,,,
Kareem Hunt,RB,KC,242.0,,2026-03-03,Kareem,Hunt,95.6,259.0,RB50,17.0,,,,
Julius Chestnut,RB,TEN,242.0,,2026-03-03,Julius,Chestnut,20.9,711.0,RB229,469.0,,,,
Isaac Guerendo,RB,SF,243.0,,2026-03-03,Isaac,Guerendo,66.5,353.0,RB89,110.0,,,,
Nick Chubb,RB,HOU,244.0,,2026-03-03,Nick,Chubb,71.2,329.0,RB75,85.0,,,,
Joshua Palmer,WR,BUF,245.0,,2026-03-03,Joshua,Palmer,,,,,,,,
Bryson Nesbit,TE,MIN,246.0,,2026-03-03,Bryson,Nesbit,,,,,,,,
Michael Carter,RB,ARI,246.0,,2026-03-03,Michael,Carter,214.1,83.0,RB16,-163.0,,,,
Ulysses Bentley,RB,IND,247.0,,2026-03-03,Ulysses,Bentley,,,,,,,,
Shedrick Jackson,WR,LV,248.0,,2026-03-03,Shedrick,Jackson,6.0,962.0,WR370,714.0,,,,
Darren Waller,TE,MIA,249.0,,2026-03-03,Darren,Waller,12.3,816.0,TE156,567.0,,,,
DJ Giddens,RB,IND,250.0,,2026-03-03,DJ,Giddens,,,,,,,,
Jalen Nailor,WR,MIN,251.0,,2026-03-03,Jalen,Nailor,86.4,280.0,WR107,29.0,,,,
Tyree Jackson,TE,WAS,251.0,,2026-03-03,Tyree,Jackson,16.3,761.0,TE140,510.0,,,,
Chase Edmonds,RB,WAS,253.0,,2026-03-03,Chase,Edmonds,57.8,402.0,RB112,149.0,,,,
Jalen Royals,WR,KC,253.0,,2026-03-03,Jalen,Royals,,,,,,,,
Audric Estime,RB,NO,254.0,,2026-03-03,Audric,Estime,,,,,,,,
Luke Lachey,TE,HOU,256.0,,2026-03-03,Luke,Lachey,,,,,,,,
Dont'e Thornton,WR,LV,256.0,,2026-03-03,Dont'e,Thornton,,,,,,,,
Phil Mafah,RB,DAL,257.0,,2026-03-03,Phil,Mafah,,,,,,,,
Calvin Austin,WR,PIT,258.0,,2026-03-03,Calvin,Austin,,,,,,,,
Justice Hill,RB,BAL,259.0,,2026-03-03,Justice,Hill,73.4,326.0,RB72,67.0,,,,
Ricky White,WR,SEA,259.0,,2026-03-03,Ricky,White,,,,,,,,
Tahj Brooks,RB,CIN,260.0,,2026-03-03,Tahj,Brooks,,,,,,,,
Cole Kmet,TE,CHI,261.0,,2026-03-03,Cole,Kmet,105.6,243.0,TE29,-18.0,,,,
Darnell Washington,TE,PIT,262.0,,2026-03-03,Darnell,Washington,38.0,535.0,TE84,273.0,,,,
Jarquez Hunter,RB,LAR,263.0,,2026-03-03,Jarquez,Hunter,,,,,,,,
Jaleel McLaughlin,RB,DEN,265.0,,2026-03-03,Jaleel,McLaughlin,76.2,314.0,RB68,49.0,,,,
Albert Okwuegbunam,TE,LV,265.0,,2026-03-03,Albert,Okwuegbunam,9.4,864.0,TE168,599.0,,,,
Luke Musgrave,TE,GB,266.0,,2026-03-03,Luke,Musgrave,25.2,656.0,TE113,390.0,,,,
Cam Grandy,TE,CIN,267.0,,2026-03-03,Cam,Grandy,32.0,582.0,TE91,315.0,,,,
John Metchie,WR,NYJ,267.0,,2026-03-03,John,Metchie,,,,,,,,
Anthony Tyus,RB,CAR,268.0,,2026-03-03,Anthony,Tyus,,,,,,,,
Samaje Perine,RB,CIN,268.0,,2026-03-03,Samaje,Perine,35.9,552.0,RB173,284.0,,,,
Andrei Iosivas,WR,CIN,269.0,,2026-03-03,Andrei,Iosivas,139.5,183.0,WR59,-86.0,,,,
Noah Gray,TE,KC,270.0,,2026-03-03,Noah,Gray,105.3,244.0,TE30,-26.0,,,,
Tim Patrick,WR,JAX,272.0,,2026-03-03,Tim,Patrick,59.0,389.0,WR139,117.0,,,,
Russell Wilson,QB,NYG,272.0,,2026-03-03,Russell,Wilson,218.5,77.0,QB36,-195.0,,,,
Trevor Etienne,RB,CAR,273.0,,2026-03-03,Trevor,Etienne,,,,,,,,
Ty Chandler,RB,MIN,273.0,,2026-03-03,Ty,Chandler,28.6,618.0,RB204,345.0,,,,
Raheim Sanders,RB,CLE,274.0,,2026-03-03,Raheim,Sanders,,,,,,,,
Zach Ertz,TE,WAS,275.0,,2026-03-03,Zach,Ertz,96.9,258.0,TE34,-17.0,,,,
Ty Johnson,RB,BUF,276.0,,2026-03-03,Ty,Johnson,43.7,493.0,RB152,217.0,,,,
Will Shipley,RB,PHI,277.0,,2026-03-03,Will,Shipley,66.2,354.0,RB90,77.0,,,,
Kendrick Bourne,WR,SF,278.0,,2026-03-03,Kendrick,Bourne,79.7,303.0,WR115,25.0,,,,
Malik Davis,RB,DAL,279.0,,2026-03-03,Malik,Davis,87.0,278.0,RB55,-1.0,,,,
Savion Williams,WR,GB,280.0,,2026-03-03,Savion,Williams,,,,,,,,
Skylar Thompson,QB,PIT,281.0,,2026-03-03,Skylar,Thompson,67.0,351.0,QB90,70.0,,,,
Jordan James,RB,SF,281.0,,2026-03-03,Jordan,James,,,,,,,,
Demarcus Robinson,WR,SF,282.0,,2026-03-03,Demarcus,Robinson,77.8,311.0,WR120,29.0,,,,
Tyrod Taylor,QB,NYJ,283.0,,2026-03-03,Tyrod,Taylor,111.0,225.0,QB76,-58.0,,,,
LeQuint Allen,RB,JAX,284.0,,2026-03-03,LeQuint,Allen,,,,,,,,
Jawhar Jordan,RB,HOU,286.0,,2026-03-03,Jawhar,Jordan,,,,,,,,
Will Howard,QB,PIT,287.0,,2026-03-03,Will,Howard,,,,,,,,
Jaylin Lane,WR,WAS,288.0,,2026-03-03,Jaylin,Lane,,,,,,,,
Jordan Whittington,WR,LAR,289.0,,2026-03-03,Jordan,Whittington,111.3,224.0,WR81,-65.0,,,,
Miles Sanders,RB,DAL,290.0,,2026-03-03,Miles,Sanders,57.5,406.0,RB115,116.0,,,,
Mack Hollins,WR,NE,291.0,,2026-03-03,Mack,Hollins,44.5,487.0,WR168,196.0,,,,
Noah Fant,TE,CIN,292.0,,2026-03-03,Noah,Fant,116.1,218.0,TE25,-74.0,,,,
Emari Demercado,RB,ARI,294.0,,2026-03-03,Emari,Demercado,46.5,472.0,RB143,178.0,,,,
Konata Mumpfield,WR,LAR,295.0,,2026-03-03,Konata,Mumpfield,,,,,,,,
Luke McCaffrey,WR,WAS,296.0,,2026-03-03,Luke,McCaffrey,56.8,410.0,WR148,114.0,,,,
Tai Felton,WR,MIN,297.0,,2026-03-03,Tai,Felton,,,,,,,,
Connor Heyward,TE,PIT,299.0,,2026-03-03,Connor,Heyward,28.0,626.0,TE103,327.0,,,,
Ja'Corey Brooks,WR,WAS,302.0,,2026-03-03,Ja'Corey,Brooks,,,,,,,,
Andre Baccellia,WR,ARI,306.0,,2026-03-03,Andre,Baccellia,6.3,952.0,WR363,646.0,,,,
Dawson Knox,TE,BUF,310.0,,2026-03-03,Dawson,Knox,61.4,378.0,TE50,68.0,,,,
Michael Bandy,WR,DEN,311.0,,2026-03-03,Michael,Bandy,5.2,989.0,WR389,678.0,,,,
Tanner McKee,QB,PHI,311.0,,2026-03-03,Tanner,McKee,240.0,55.0,QB29,-256.0,,,,
Dontae Fleming,WR,MIN,312.0,,2026-03-03,Dontae,Fleming,,,,,,,,
Jahan Dotson,WR,PHI,313.0,,2026-03-03,Jahan,Dotson,41.0,512.0,WR178,199.0,,,,
Joe Milton,QB,DAL,315.0,,2026-03-03,Joe,Milton,,,,,,,,
Thomas Yassmin,TE,LAC,315.0,,2026-03-03,Thomas,Yassmin,,,,,,,,
Austin Ekeler,RB,WAS,317.0,,2026-03-03,Austin,Ekeler,88.0,277.0,RB54,-40.0,,,,
Chris Brooks,RB,GB,317.0,,2026-03-03,Chris,Brooks,53.6,431.0,RB125,114.0,,,,
Tejhaun Palmer,WR,ARI,318.0,,2026-03-03,Tejhaun,Palmer,,,,,,,,
Spencer Rattler,QB,NO,318.0,,2026-03-03,Spencer,Rattler,185.4,109.0,QB48,-209.0,,,,
Carlos Washington,RB,ATL,318.0,,2026-03-03,Carlos,Washington,,,,,,,,
DeAndre Hopkins,WR,BAL,319.0,,2026-03-03,DeAndre,Hopkins,75.6,317.0,WR123,-2.0,,,,
Greg Dortch,WR,ARI,320.0,,2026-03-03,Greg,Dortch,58.1,396.0,WR141,76.0,,,,
Taysom Hill,TE,NO,321.0,,2026-03-03,Taysom,Hill,53.5,433.0,TE62,112.0,,,,
Gabe Davis,WR,BUF,322.0,,2026-03-03,Gabe,Davis,114.0,221.0,WR79,-101.0,,,,
Salvon Ahmed,RB,IND,325.0,,2026-03-03,Salvon,Ahmed,77.3,312.0,RB66,-13.0,,,,
Olamide Zaccheaus,WR,CHI,325.0,,2026-03-03,Olamide,Zaccheaus,86.6,279.0,WR106,-46.0,,,,
Jake Haener,QB,KC,326.0,,2026-03-03,Jake,Haener,16.7,758.0,QB114,432.0,,,,
Riley Leonard,QB,IND,326.0,,2026-03-03,Riley,Leonard,,,,,,,,
Xavier Hutchinson,WR,HOU,327.0,,2026-03-03,Xavier,Hutchinson,24.1,668.0,WR225,341.0,,,,
Evan Hull,RB,NO,328.0,,2026-03-03,Evan,Hull,31.9,583.0,RB189,255.0,,,,
Devontez Walker,WR,BAL,328.0,,2026-03-03,Devontez,Walker,76.1,315.0,WR121,-13.0,,,,
Treylon Burks,WR,WAS,329.0,,2026-03-03,Treylon,Burks,20.7,716.0,WR248,387.0,,,,
Trey Lance,QB,LAC,330.0,,2026-03-03,Trey,Lance,40.2,519.0,QB102,189.0,,,,
D.J. Montgomery,WR,IND,330.0,,2026-03-03,D.J.,Montgomery,59.8,385.0,WR138,55.0,,,,
Aidan O'Connell,QB,LV,330.0,,2026-03-03,Aidan,O'Connell,228.4,69.0,QB34,-261.0,,,,
Mason Rudolph,QB,PIT,331.0,,2026-03-03,Mason,Rudolph,236.9,58.0,QB30,-273.0,,,,
Tyrell Shavers,WR,BUF,332.0,,2026-03-03,Tyrell,Shavers,243.8,50.0,WR15,-282.0,,,,
Jonathan Mingo,WR,DAL,332.0,,2026-03-03,Jonathan,Mingo,58.1,395.0,WR141,63.0,,,,
Jalen Tolbert,WR,DAL,334.0,,2026-03-03,Jalen,Tolbert,126.2,202.0,WR70,-132.0,,,,
Wendell Smallwood,RB,WAS,334.0,,2026-03-03,Wendell,Smallwood,36.2,547.0,RB170,213.0,,,,
Darius Cooper,WR,PHI,335.0,,2026-03-03,Darius,Cooper,,,,,,,,
Gardner Minshew,QB,KC,336.0,,2026-03-03,Gardner,Minshew,205.6,93.0,QB42,-243.0,,,,
Tommy Tremble,TE,CAR,337.0,,2026-03-03,Tommy,Tremble,90.4,272.0,TE37,-65.0,,,,
Philip Rivers,QB,IND,338.0,,2026-03-03,Philip,Rivers,153.0,150.0,QB63,-188.0,,,,
Brady Cook,QB,NYJ,339.0,,2026-03-03,Brady,Cook,,,,,,,,
Davis Mills,QB,HOU,341.0,,2026-03-03,Davis,Mills,41.0,511.0,QB101,170.0,,,,
Jared Wiley,TE,KC,342.0,,2026-03-03,Jared,Wiley,33.5,566.0,TE89,224.0,,,,
Tyler Huntley,QB,BAL,343.0,,2026-03-03,Tyler,Huntley,210.4,87.0,QB40,-256.0,,,,
KaVontae Turpin,WR,DAL,344.0,,2026-03-03,KaVontae,Turpin,110.8,226.0,WR82,-118.0,,,,
Will Levis,QB,TEN,345.0,,2026-03-03,Will,Levis,198.8,98.0,QB44,-247.0,,,,
Jeremy McNichols,RB,WAS,346.0,,2026-03-03,Jeremy,McNichols,24.9,659.0,RB216,313.0,,,,
Ja'seem Reed,WR,CAR,346.0,,2026-03-03,Ja'seem,Reed,,,,,,,,
Tutu Atwell,WR,LAR,347.0,,2026-03-03,Tutu,Atwell,85.0,285.0,WR109,-62.0,,,,
Theo Wease,WR,MIA,349.0,,2026-03-03,Theo,Wease,,,,,,,,
Terrell Jennings,RB,NE,351.0,,2026-03-03,Terrell,Jennings,29.8,605.0,RB198,254.0,,,,
Michael Warren,RB,DET,356.0,,2026-03-03,Michael,Warren,,,,,,,,
Dominic Lovett,WR,DET,365.0,,2026-03-03,Dominic,Lovett,,,,,,,,
Kedon Slovis,QB,ARI,365.0,,2026-03-03,Kedon,Slovis,,,,,,,,
Austin Hooper,TE,NE,368.0,,2026-03-03,Austin,Hooper,110.0,231.0,TE27,-137.0,,,,
Zach Wilson,QB,MIA,369.0,,2026-03-03,Zach,Wilson,183.2,111.0,QB50,-258.0,,,,
Josh Oliver,TE,MIN,370.0,,2026-03-03,Josh,Oliver,74.3,321.0,TE42,-49.0,,,,
Curtis Samuel,WR,BUF,371.0,,2026-03-03,Curtis,Samuel,77.9,308.0,WR119,-63.0,,,,
Trent Taylor,WR,SF,372.0,,2026-03-03,Trent,Taylor,25.1,658.0,WR221,286.0,,,,
Dyami Brown,WR,JAX,372.0,,2026-03-03,Dyami,Brown,95.3,261.0,WR97,-111.0,,,,
Sterling Shepard,WR,TB,375.0,,2026-03-03,Sterling,Shepard,58.0,397.0,WR144,22.0,,,,
Tyler Badie,RB,DEN,376.0,,2026-03-03,Tyler,Badie,26.4,645.0,RB213,269.0,,,,
Jamari Thrash,WR,CLE,376.0,,2026-03-03,Jamari,Thrash,17.8,746.0,WR259,370.0,,,,
Andrew Beck,RB,NYJ,378.0,,2026-03-03,Andrew,Beck,,,,,,,,
Brock Wright,TE,DET,378.0,,2026-03-03,Brock,Wright,38.3,533.0,TE83,155.0,,,,
JuJu Smith-Schuster,WR,KC,379.0,,2026-03-03,JuJu,Smith-Schuster,52.3,442.0,WR155,63.0,,,,
Donovan Edwards,RB,MIA,380.0,,2026-03-03,Donovan,Edwards,,,,,,,,
George Holani,RB,SEA,380.0,,2026-03-03,George,Holani,16.4,760.0,RB243,380.0,,,,
Van Jefferson,WR,TEN,381.0,,2026-03-03,Van,Jefferson,58.0,399.0,WR144,18.0,,,,
Jake Bobo,WR,SEA,382.0,,2026-03-03,Jake,Bobo,32.1,580.0,WR198,198.0,,,,
Alexander Mattison,RB,MIA,382.0,,2026-03-03,Alexander,Mattison,120.9,211.0,RB43,-171.0,,,,
Mitchell Evans,TE,CAR,383.0,,2026-03-03,Mitchell,Evans,,,,,,,,
Raheem Mostert,RB,LV,384.0,,2026-03-03,Raheem,Mostert,54.6,425.0,RB122,41.0,,,,
Tavien Feaster,RB,ARI,384.0,,2026-03-03,Tavien,Feaster,,,,,,,,
Brayden Willis,TE,SF,384.0,,2026-03-03,Brayden,Willis,10.2,838.0,TE163,454.0,,,,
Zavier Scott,RB,MIN,385.0,,2026-03-03,Zavier,Scott,,,,,,,,
Daniel Bellinger,TE,NYG,386.0,,2026-03-03,Daniel,Bellinger,56.3,414.0,TE55,28.0,,,,
Khalil Herbert,RB,NYJ,387.0,,2026-03-03,Khalil,Herbert,17.4,748.0,RB240,361.0,,,,
Zamir White,RB,LV,388.0,,2026-03-03,Zamir,White,60.1,383.0,RB103,-5.0,,,,
Arian Smith,WR,NYJ,390.0,,2026-03-03,Arian,Smith,,,,,,,,
Sam Hartman,QB,WAS,390.0,,2026-03-03,Sam,Hartman,,,,,,,,
Brevin Jordan,TE,HOU,391.0,,2026-03-03,Brevin,Jordan,39.6,523.0,TE79,132.0,,,,
Xavier Weaver,WR,ARI,392.0,,2026-03-03,Xavier,Weaver,5.4,982.0,WR382,590.0,,,,
Tyler Conklin,TE,LAC,393.0,,2026-03-03,Tyler,Conklin,103.7,248.0,TE32,-145.0,,,,
Josh Reynolds,WR,NYJ,394.0,,2026-03-03,Josh,Reynolds,43.8,491.0,WR171,97.0,,,,
John Bates,TE,WAS,395.0,,2026-03-03,John,Bates,22.7,687.0,TE122,292.0,,,,
Mitch Tinsley,WR,CIN,396.0,,2026-03-03,Mitch,Tinsley,,,,,,,,
Will Dissly,TE,LAC,397.0,,2026-03-03,Will,Dissly,104.0,247.0,TE31,-150.0,,,,
Jeremy Ruckert,TE,NYJ,398.0,,2026-03-03,Jeremy,Ruckert,48.0,464.0,TE67,66.0,,,,
Dillon Gabriel,QB,CLE,399.0,,2026-03-03,Dillon,Gabriel,,,,,,,,
Grant Calcaterra,TE,PHI,400.0,,2026-03-03,Grant,Calcaterra,66.7,352.0,TE45,-48.0,,,,
David Sills,WR,ATL,400.0,,2026-03-03,David,Sills,9.5,860.0,WR314,460.0,,,,
Caden Prieskorn,TE,CLE,401.0,,2026-03-03,Caden,Prieskorn,,,,,,,,
Tyler Goodson,RB,IND,401.0,,2026-03-03,Tyler,Goodson,33.1,572.0,RB183,171.0,,,,
Deshaun Watson,QB,CLE,402.0,,2026-03-03,Deshaun,Watson,233.0,64.0,QB32,-338.0,,,,
Bronson Kaufusi,TE,GB,405.0,,2026-03-03,Bronson,Kaufusi,,,,,,,,
Skyy Moore,WR,SF,407.0,,2026-03-03,Skyy,Moore,19.7,728.0,WR254,321.0,,,,
Kenny Pickett,QB,LV,407.0,,2026-03-03,Kenny,Pickett,26.3,646.0,QB107,239.0,,,,
A.T. Perry,WR,PIT,408.0,,2026-03-03,A.T.,Perry,16.1,767.0,WR266,359.0,,,,
Gavin Bartholomew,TE,MIN,409.0,,2026-03-03,Gavin,Bartholomew,,,,,,,,
Will Grier,QB,DAL,409.0,,2026-03-03,Will,Grier,,,,,,,,
Kalel Mullings,RB,TEN,413.0,,2026-03-03,Kalel,Mullings,,,,,,,,
Cam Akers,RB,SEA,414.0,,2026-03-03,Cam,Akers,69.5,338.0,RB80,-76.0,,,,
Ronnie Rivers,RB,LAR,416.0,,2026-03-03,Ronnie,Rivers,14.4,788.0,RB248,372.0,,,,
Dare Ogunbowale,RB,HOU,417.0,,2026-03-03,Dare,Ogunbowale,13.8,795.0,RB250,378.0,,,,
Ainias Smith,WR,CAR,418.0,,2026-03-03,Ainias,Smith,63.5,367.0,WR133,-51.0,,,,
Jordan Watkins,WR,SF,418.0,,2026-03-03,Jordan,Watkins,,,,,,,,
Marquez Valdes-Scantling,WR,PIT,419.0,,2026-03-03,Marquez,Valdes-Scantling,69.8,336.0,WR127,-83.0,,,,
Hassan Haskins,RB,LAC,422.0,,2026-03-03,Hassan,Haskins,18.2,742.0,RB238,320.0,,,,
Tyler Scott,WR,LAR,423.0,,2026-03-03,Tyler,Scott,26.4,644.0,WR217,221.0,,,,
Tyson Bagent,QB,CHI,424.0,,2026-03-03,Tyson,Bagent,25.4,653.0,QB108,229.0,,,,
Sam Howell,QB,PHI,425.0,,2026-03-03,Sam,Howell,80.0,301.0,QB85,-124.0,,,,
Isaiah Williams,WR,NYJ,428.0,,2026-03-03,Isaiah,Williams,61.0,380.0,WR136,-48.0,,,,
Jared Wayne,WR,HOU,429.0,,2026-03-03,Jared,Wayne,10.2,837.0,WR298,408.0,,,,
Luke Farrell,TE,SF,429.0,,2026-03-03,Luke,Farrell,58.8,392.0,TE52,-37.0,,,,
Coleman Owen,WR,IND,430.0,,2026-03-03,Coleman,Owen,,,,,,,,
A.J. Dillon,RB,PHI,431.0,,2026-03-03,A.J.,Dillon,,,,,,,,
Luke Schoonmaker,TE,DAL,432.0,,2026-03-03,Luke,Schoonmaker,56.1,416.0,TE56,-16.0,,,,
Tanner Hudson,TE,CIN,434.0,,2026-03-03,Tanner,Hudson,52.3,441.0,TE65,7.0,,,,
Jacob Cowing,WR,SF,435.0,,2026-03-03,Jacob,Cowing,79.4,305.0,WR116,-130.0,,,,
Thomas Fidone,TE,NYG,436.0,,2026-03-03,Thomas,Fidone,,,,,,,,
Tanner McLachlan,TE,LAC,436.0,,2026-03-03,Tanner,McLachlan,,,,,,,,
Lil'Jordan Humphrey,WR,DEN,437.0,,2026-03-03,Lil'Jordan,Humphrey,88.5,276.0,WR105,-161.0,,,,
Kameron Johnson,WR,TB,439.0,,2026-03-03,Kameron,Johnson,0.0,1068.0,WR429,629.0,,,,
Hunter Long,TE,JAX,440.0,,2026-03-03,Hunter,Long,26.2,649.0,TE110,209.0,,,,
Chris Moore,WR,WAS,442.0,,2026-03-03,Chris,Moore,5.4,983.0,WR382,541.0,,,,
Irvin Charles,WR,NYJ,443.0,,2026-03-03,Irvin,Charles,4.8,1000.0,WR395,557.0,,,,
Isaiah Neyor,WR,GB,443.0,,2026-03-03,Isaiah,Neyor,,,,,,,,
AJ Henning,WR,MIA,447.0,,2026-03-03,AJ,Henning,,,,,,,,
Isaiah Wooden,WR,CLE,448.0,,2026-03-03,Isaiah,Wooden,,,,,,,,
Seth Henigan,QB,IND,461.0,,2026-03-03,Seth,Henigan,,,,,,,,
Sal Cannella,TE,CLE,461.0,,2026-03-03,Sal,Cannella,,,,,,,,
Frank Gore,RB,BUF,462.0,,2026-03-03,Frank,Gore,52.8,439.0,RB129,-23.0,,,,
Nick Nash,WR,WAS,463.0,,2026-03-03,Nick,Nash,,,,,,,,
Teagan Quitoriano,TE,ATL,464.0,,2026-03-03,Teagan,Quitoriano,9.7,849.0,TE165,385.0,,,,
LaJohntay Wester,WR,BAL,467.0,,2026-03-03,LaJohntay,Wester,,,,,,,,
Braxton Berrios,WR,HOU,468.0,,2026-03-03,Braxton,Berrios,14.0,793.0,WR282,325.0,,,,
Clayton Thorson,QB,NYG,478.0,,2026-03-03,Clayton,Thorson,,,,,,,,
Cooper Rush,QB,BAL,485.0,,2026-03-03,Cooper,Rush,173.9,118.0,QB54,-367.0,,,,
Dalevon Campbell,WR,LAC,487.0,,2026-03-03,Dalevon,Campbell,,,,,,,,
Cameron Latu,TE,PHI,488.0,,2026-03-03,Cameron,Latu,,,,,,,,
Jacoby Jones,WR,WAS,490.0,,2026-03-03,Jacoby,Jones,,,,,,,,
JaQuae Jackson,WR,LAC,490.0,,2026-03-03,JaQuae,Jackson,,,,,,,,
Kurtis Rourke,QB,SF,492.0,,2026-03-03,Kurtis,Rourke,,,,,,,,
Joshua Cephus,WR,JAX,493.0,,2026-03-03,Joshua,Cephus,,,,,,,,
Zaire Mitchell-Paden,TE,NO,499.0,,2026-03-03,Zaire,Mitchell-Paden,,,,,,,,
Chris Oladokun,QB,KC,501.0,,2026-03-03,Chris,Oladokun,8.5,882.0,QB121,381.0,,,,
Jake Browning,QB,CIN,501.0,,2026-03-03,Jake,Browning,17.4,749.0,QB112,248.0,,,,
Jack Doyle,TE,IND,504.0,,2026-03-03,Jack,Doyle,4.8,1002.0,TE214,498.0,,,,
Julian Hill,TE,MIA,517.0,,2026-03-03,Julian,Hill,48.8,459.0,TE66,-58.0,,,,
DJ Uiagalelei,QB,LAC,522.0,,2026-03-03,DJ,Uiagalelei,,,,,,,,
Ahmani Marshall,RB,CLE,528.0,,2026-03-03,Ahmani,Marshall,,,,,,,,
James Mitchell,TE,CAR,528.0,,2026-03-03,James,Mitchell,16.8,757.0,TE138,229.0,,,,
Tucker Fisk,TE,LAC,532.0,,2026-03-03,Tucker,Fisk,33.4,568.0,TE90,36.0,,,,
Drew Sample,TE,CIN,532.0,,2026-03-03,Drew,Sample,56.5,411.0,TE53,-121.0,,,,
Carson Wentz,QB,MIN,540.0,,2026-03-03,Carson,Wentz,120.1,212.0,QB71,-328.0,,,,
KJ Hill,WR,LAC,545.0,,2026-03-03,KJ,Hill,,,,,,,,
Scotty Miller,WR,PIT,546.0,,2026-03-03,Scotty,Miller,,,,,,,,
Jeshaun Jones,WR,MIN,551.0,,2026-03-03,Jeshaun,Jones,,,,,,,,
Ronnie Bell,WR,NO,554.0,,2026-03-03,Ronnie,Bell,41.2,510.0,WR176,-44.0,,,,
Terrace Marshall,WR,MIA,556.0,,2026-03-03,Terrace,Marshall,,,,,,,,
DeeJay Dallas,RB,JAX,562.0,,2026-03-03,DeeJay,Dallas,7.5,912.0,RB265,350.0,,,,
Deneric Prince,RB,NE,564.0,,2026-03-03,Deneric,Prince,,,,,,,,
Shane Zylstra,TE,DET,565.0,,2026-03-03,Shane,Zylstra,45.5,480.0,TE70,-85.0,,,,
Bailey Zappe,QB,NYJ,569.0,,2026-03-03,Bailey,Zappe,144.9,171.0,QB67,-398.0,,,,
Isaac Nauta,TE,GB,571.0,,2026-03-03,Isaac,Nauta,7.7,908.0,TE182,337.0,,,,
Bub Means,WR,NO,572.0,,2026-03-03,Bub,Means,92.9,268.0,WR101,-304.0,,,,
Kerrith Whyte,RB,GB,575.0,,2026-03-03,Kerrith,Whyte,,,,,,,,
Adrian Martinez,QB,SF,576.0,,2026-03-03,Adrian,Martinez,,,,,,,,
Josh Kelly,WR,HOU,580.0,,2026-03-03,Josh,Kelly,,,,,,,,
Tanner Conner,TE,NYG,582.0,,2026-03-03,Tanner,Conner,45.3,481.0,WR167,-101.0,,,,
Ko Kieft,TE,TB,588.0,,2026-03-03,Ko,Kieft,11.3,828.0,TE160,240.0,,,,
Sean Clifford,QB,CIN,593.0,,2026-03-03,Sean,Clifford,11.1,830.0,QB117,237.0,,,,
Eric Gray,RB,NYG,593.0,,2026-03-03,Eric,Gray,30.4,598.0,RB196,5.0,,,,
Kenny McIntosh,RB,SEA,597.0,,2026-03-03,Kenny,McIntosh,28.3,621.0,RB205,24.0,,,,
Jabari Small,RB,DET,600.0,,2026-03-03,Jabari,Small,,,,,,,,
Blake Watson,RB,TEN,603.0,,2026-03-03,Blake,Watson,58.8,390.0,RB108,-213.0,,,,
Charlie Jones,WR,CIN,607.0,,2026-03-03,Charlie,Jones,14.9,777.0,WR274,170.0,,,,
Alex Bachman,WR,LV,618.0,,2026-03-03,Alex,Bachman,110.4,227.0,WR83,-391.0,,,,
Sam Ehlinger,QB,DEN,624.0,,2026-03-03,Sam,Ehlinger,117.5,217.0,QB74,-407.0,,,,
Jakobie Keeney-James,WR,GB,624.0,,2026-03-03,Jakobie,Keeney-James,,,,,,,,
Robbie Ouzts,RB,SEA,625.0,,2026-03-03,Robbie,Ouzts,,,,,,,,
Jalen Richard,RB,LV,637.0,,2026-03-03,Jalen,Richard,26.5,641.0,RB212,4.0,,,,
ShunDerrick Powell,RB,KC,637.0,,2026-03-03,ShunDerrick,Powell,,,,,,,,
Josiah Deguara,TE,ARI,642.0,,2026-03-03,Josiah,Deguara,27.8,630.0,TE104,-12.0,,,,
Brett Rypien,QB,MIN,661.0,,2026-03-03,Brett,Rypien,62.2,374.0,QB92,-287.0,,,,
Brenden Bates,TE,CLE,670.0,,2026-03-03,Brenden,Bates,5.4,981.0,TE206,311.0,,,,
Ashton Dulin,WR,IND,672.0,,2026-03-03,Ashton,Dulin,30.6,595.0,WR201,-77.0,,,,
Jamaal Pritchett,WR,NYJ,672.0,,2026-03-03,Jamaal,Pritchett,,,,,,,,
Nick Kallerup,TE,SEA,677.0,,2026-03-03,Nick,Kallerup,,,,,,,,
Cole Turner,TE,MIA,679.0,,2026-03-03,Cole,Turner,8.4,885.0,TE174,206.0,,,,
Brevyn Spann-Ford,TE,DAL,680.0,,2026-03-03,Brevyn,Spann-Ford,53.8,429.0,TE60,-251.0,,,,
Josh Johnson,QB,WAS,683.0,,2026-03-03,Josh,Johnson,4.5,1015.0,QB127,332.0,,,,
E.J. Jenkins,TE,PHI,687.0,,2026-03-03,E.J.,Jenkins,67.3,345.0,TE43,-342.0,,,,
Tommy DeVito,QB,NE,688.0,,2026-03-03,Tommy,DeVito,141.6,180.0,QB68,-508.0,,,,
Montrell Johnson,RB,CAR,691.0,,2026-03-03,Montrell,Johnson,,,,,,,,
Owen Wright,RB,TB,698.0,,2026-03-03,Owen,Wright,,,,,,,,
Messiah Swinson,TE,GB,700.0,,2026-03-03,Messiah,Swinson,,,,,,,,
Malik Cunningham,WR,DET,888.0,,2026-03-03,Malik,Cunningham,0.0,1061.0,WR429,173.0,,,,
John Wolford,QB,MIN,888.0,,2026-03-03,John,Wolford,101.8,250.0,QB79,-638.0,,,,
Gunner Olszewski,WR,NYG,888.0,,2026-03-03,Gunner,Olszewski,12.5,813.0,WR288,-75.0,,,,
Nick Mullens,QB,JAX,999.0,,2026-03-03,Nick,Mullens,6.0,964.0,QB125,-35.0,,,,
Jack Westover,TE,NE,999.0,,2026-03-03,Jack,Westover,,,,,,,,
Hendon Hooker,QB,NYJ,999.0,,2026-03-03,Hendon,Hooker,15.6,771.0,QB115,-228.0,,,,
Tylan Wallace,WR,BAL,999.0,,2026-03-03,Tylan,Wallace,38.2,534.0,WR184,-465.0,,,,
Donald Parham,TE,PIT,999.0,,2026-03-03,Donald,Parham,6.4,949.0,TE199,-50.0,,,,
Zonovan Knight,RB,ARI,999.0,,2026-03-03,Zonovan,Knight,,,,,,,,
John Rhys Plumlee,QB,PIT,999.0,,2026-03-03,John Rhys,Plumlee,,,,,,,,
Garrett Greene,QB,TB,999.0,,2026-03-03,Garrett,Greene,,,,,,,,
Travis Homer,RB,CHI,999.0,,2026-03-03,Travis,Homer,9.6,855.0,RB261,-144.0,,,,
Corey Kiner,RB,ARI,999.0,,2026-03-03,Corey,Kiner,,,,,,,,
JJ Galbreath,TE,PIT,999.0,,2026-03-03,JJ,Galbreath,,,,,,,,
Xavier Johnson,WR,CIN,999.0,,2026-03-03,Xavier,Johnson,,,,,,,,
Junior Bergen,WR,SF,999.0,,2026-03-03,Junior,Bergen,,,,,,,,
Laquon Treadwell,WR,IND,999.0,,2026-03-03,Laquon,Treadwell,32.5,577.0,WR197,-422.0,,,,
Britain Covey,WR,PHI,999.0,,2026-03-03,Britain,Covey,26.5,643.0,WR215,-356.0,,,,
Teddy Bridgewater,QB,TB,999.0,,2026-03-03,Teddy,Bridgewater,8.8,875.0,QB120,-124.0,,,,
Gage Larvadain,WR,CLE,999.0,,2026-03-03,Gage,Larvadain,,,,,,,,
Malik Turner,WR,SF,999.0,,2026-03-03,Malik,Turner,9.8,846.0,WR305,-153.0,,,,
Ben Skowronek,WR,PIT,999.0,,2026-03-03,Ben,Skowronek,30.1,603.0,WR204,-396.0,,,,
Dalen Cambre,WR,NYG,999.0,,2026-03-03,Dalen,Cambre,,,,,,,,
Jeff Driskel,QB,WAS,999.0,,2026-03-03,Jeff,Driskel,177.5,116.0,QB52,-883.0,,,,
JP Richardson,WR,CHI,999.0,,2026-03-03,JP,Richardson,,,,,,,,
Elijah Mitchell,RB,NE,999.0,,2026-03-03,Elijah,Mitchell,92.4,269.0,RB52,-730.0,,,,
Ben Yurosek,TE,MIN,999.0,,2026-03-03,Ben,Yurosek,,,,,,,,
Desmond Ridder,QB,GB,999.0,,2026-03-03,Desmond,Ridder,108.8,235.0,QB77,-764.0,,,,
Jelani Woods,TE,NYJ,999.0,,2026-03-03,Jelani,Woods,8.1,892.0,TE178,-107.0,,,,
Luke Grimm,WR,LAC,999.0,,2026-03-03,Luke,Grimm,,,,,,,,
Cody Schrader,RB,DEN,999.0,,2026-03-03,Cody,Schrader,33.4,569.0,RB180,-430.0,,,,
Kyle Allen,QB,DET,999.0,,2026-03-03,Kyle,Allen,6.9,937.0,QB123,-62.0,,,,
Cody White,WR,SEA,999.0,,2026-03-03,Cody,White,121.7,209.0,WR74,-790.0,,,,
Jalin Conyers,TE,MIA,999.0,,2026-03-03,Jalin,Conyers,,,,,,,,
Myles Price,WR,MIN,999.0,,2026-03-03,Myles,Price,,,,,,,,
Jacardia Wright,RB,SEA,999.0,,2026-03-03,Jacardia,Wright,,,,,,,,
Israel Abanikanda,RB,DAL,999.0,,2026-03-03,Israel,Abanikanda,57.7,403.0,RB113,-596.0,,,,
Payne Durham,TE,TB,999.0,,2026-03-03,Payne,Durham,78.1,307.0,TE40,-692.0,,,,
Chris Blair,WR,ATL,999.0,,2026-03-03,Chris,Blair,27.0,637.0,WR214,-362.0,,,,
Caleb Lohner,TE,DEN,999.0,,2026-03-03,Caleb,Lohner,,,,,,,,
Deuce Vaughn,RB,DEN,999.0,,2026-03-03,Deuce,Vaughn,46.4,474.0,RB144,-525.0,,,,
Danny Gray,WR,PHI,999.0,,2026-03-03,Danny,Gray,3.6,1028.0,WR405,29.0,,,,
Mason Tipton,WR,NO,999.0,,2026-03-03,Mason,Tipton,42.4,503.0,WR173,-496.0,,,,
Joaquin Davis,WR,MIN,999.0,,2026-03-03,Joaquin,Davis,,,,,,,,
Marshall Lang,TE,NE,999.0,,2026-03-03,Marshall,Lang,,,,,,,,
Patrick Taylor,RB,SF,999.0,,2026-03-03,Patrick,Taylor,71.6,328.0,RB74,-671.0,,,,
Drew Lock,QB,SEA,999.0,,2026-03-03,Drew,Lock,210.0,88.0,QB41,-911.0,,,,
Pierre Strong,RB,GB,999.0,,2026-03-03,Pierre,Strong,57.5,404.0,RB115,-595.0,,,,
Kendall Milton,RB,CIN,999.0,,2026-03-03,Kendall,Milton,,,,,,,,
Derius Davis,WR,LAC,999.0,,2026-03-03,Derius,Davis,48.5,460.0,WR161,-539.0,,,,
Lan Larison,RB,NE,999.0,,2026-03-03,Lan,Larison,,,,,,,,
Moliki Matavao,TE,NO,999.0,,2026-03-03,Moliki,Matavao,,,,,,,,
Phillip Dorsett,WR,LV,999.0,,2026-03-03,Phillip,Dorsett,5.6,976.0,WR377,-23.0,,,,
Blake Whiteheart,TE,CLE,999.0,,2026-03-03,Blake,Whiteheart,31.8,587.0,TE93,-412.0,,,,
Jeremiah Webb,WR,NE,999.0,,2026-03-03,Jeremiah,Webb,,,,,,,,
Parris Campbell,WR,DAL,999.0,,2026-03-03,Parris,Campbell,39.0,527.0,WR182,-472.0,,,,
Stephen Carlson,TE,CHI,999.0,,2026-03-03,Stephen,Carlson,8.6,880.0,TE173,-119.0,,,,
Brennan Presley,WR,LAR,999.0,,2026-03-03,Brennan,Presley,,,,,,,,
Josh Whyle,TE,GB,999.0,,2026-03-03,Josh,Whyle,55.4,417.0,TE57,-582.0,,,,
Ian Thomas,TE,LV,999.0,,2026-03-03,Ian,Thomas,29.9,604.0,TE97,-395.0,,,,
Carson Steele,RB,PHI,999.0,,2026-03-03,Carson,Steele,22.8,683.0,RB223,-316.0,,,,
Sione Vaki,RB,DET,999.0,,2026-03-03,Sione,Vaki,23.5,674.0,RB221,-325.0,,,,
Cam Miller,QB,MIA,999.0,,2026-03-03,Cam,Miller,,,,,,,,
Dareke Young,WR,SEA,999.0,,2026-03-03,Dareke,Young,14.1,790.0,WR281,-209.0,,,,
Graham Mertz,QB,HOU,999.0,,2026-03-03,Graham,Mertz,,,,,,,,
Jake Briningstool,TE,KC,999.0,,2026-03-03,Jake,Briningstool,,,,,,,,
Bo Melton,WR,GB,999.0,,2026-03-03,Bo,Melton,,,,,,,,
McCallan Castles,TE,GB,999.0,,2026-03-03,McCallan,Castles,,,,,,,,
Cole Burgess,WR,PIT,999.0,,2026-03-03,Cole,Burgess,,,,,,,,
Johnny Wilson,WR,PHI,999.0,,2026-03-03,Johnny,Wilson,15.6,770.0,WR268,-229.0,,,,
Trey Palmer,WR,NO,999.0,,2026-03-03,Trey,Palmer,53.6,432.0,WR153,-567.0,,,,
Ke'Shawn Williams,WR,CIN,999.0,,2026-03-03,Ke'Shawn,Williams,,,,,,,,
Cornelius Johnson,WR,BAL,999.0,,2026-03-03,Cornelius,Johnson,,,,,,,,
Kyle McCord,QB,GB,999.0,,2026-03-03,Kyle,McCord,,,,,,,,
Brenden Rice,WR,LV,999.0,,2026-03-03,Brenden,Rice,,,,,,,,
Quentin Skinner,WR,NYJ,999.0,,2026-03-03,Quentin,Skinner,,,,,,,,
Ja'Quinden Jackson,RB,JAX,999.0,,2026-03-03,Ja'Quinden,Jackson,,,,,,,,
Colton Dowell,WR,SF,999.0,,2026-03-03,Colton,Dowell,9.5,863.0,WR314,-136.0,,,,
Ben Sims,TE,MIN,999.0,,2026-03-03,Ben,Sims,29.0,611.0,TE99,-388.0,,,,
Michael Wiley,RB,TB,999.0,,2026-03-03,Michael,Wiley,,,,,,,,
Nikola Kalinic,TE,CHI,999.0,,2026-03-03,Nikola,Kalinic,,,,,,,,
Josh Williams,RB,TB,999.0,,2026-03-03,Josh,Williams,,,,,,,,
Keaontay Ingram,RB,KC,999.0,,2026-03-03,Keaontay,Ingram,32.7,574.0,RB185,-425.0,,,,
Eli Pancol,WR,IND,999.0,,2026-03-03,Eli,Pancol,,,,,,,,
Mecole Hardman,WR,BUF,999.0,,2026-03-03,Mecole,Hardman,53.0,437.0,WR154,-562.0,,,,
Robert Tonyan,TE,KC,999.0,,2026-03-03,Robert,Tonyan,4.9,998.0,TE211,-1.0,,,,
Connor Bazelak,QB,TB,999.0,,2026-03-03,Connor,Bazelak,,,,,,,,
Brandon Allen,QB,TEN,999.0,,2026-03-03,Brandon,Allen,6.2,953.0,QB124,-46.0,,,,
Patrick Herbert,TE,JAX,999.0,,2026-03-03,Patrick,Herbert,,,,,,,,
Max Brosmer,QB,MIN,999.0,,2026-03-03,Max,Brosmer,,,,,,,,
Shane Buechele,QB,BUF,999.0,,2026-03-03,Shane,Buechele,,,,,,,,
Xavier Gipson,WR,NYG,999.0,,2026-03-03,Xavier,Gipson,23.7,669.0,WR226,-330.0,,,,
Courtney Jackson,WR,NYG,999.0,,2026-03-03,Courtney,Jackson,,,,,,,,
Xavier Smith,WR,LAR,999.0,,2026-03-03,Xavier,Smith,0.0,1057.0,WR429,58.0,,,,
Casey Washington,WR,ATL,999.0,,2026-03-03,Casey,Washington,24.6,661.0,WR222,-338.0,,,,
Kylen Granson,TE,PHI,999.0,,2026-03-03,Kylen,Granson,43.3,495.0,TE71,-504.0,,,,
Carter Bradley,QB,JAX,999.0,,2026-03-03,Carter,Bradley,,,,,,,,
Hayden Rucci,TE,SF,999.0,,2026-03-03,Hayden,Rucci,,,,,,,,
Tahj Washington,WR,MIA,999.0,,2026-03-03,Tahj,Washington,,,,,,,,
Drew Ogletree,TE,IND,999.0,,2026-03-03,Drew,Ogletree,,,,,,,,
Thomas Gordon,TE,DET,999.0,,2026-03-03,Thomas,Gordon,,,,,,,,
DeAndre Carter,WR,CLE,999.0,,2026-03-03,DeAndre,Carter,31.9,584.0,WR199,-415.0,,,,
Devin Duvernay,WR,CHI,999.0,,2026-03-03,Devin,Duvernay,21.4,701.0,WR241,-298.0,,,,
Beaux Collins,WR,NYG,999.0,,2026-03-03,Beaux,Collins,,,,,,,,
Shaq Roland,WR,CHI,1104.0,,2026-03-03,Shaq,Roland,,,,,,,,
Eldridge Massington,WR,NO,1123.0,,2026-03-03,Eldridge,Massington,,,,,,,,
Taquan Mizzell,RB,NYG,1233.0,,2026-03-03,Taquan,Mizzell,,,,,,,,
Dax Raymond,TE,PIT,1593.0,,2026-03-03,Dax,Raymond,,,,,,,,
Tommy Stevens,TE,NYG,1938.0,,2026-03-03,Tommy,Stevens,0.0,1059.0,TE231,-879.0,,,,
Elijah McGuire,RB,KC,9999999.0,,2026-03-03,Elijah,McGuire,,,,,,,,
Jack Stoll,TE,NO,9999999.0,,2026-03-03,Jack,Stoll,37.2,542.0,TE85,-9999457.0,,,,
Keleki Latu,TE,BUF,9999999.0,,2026-03-03,Keleki,Latu,,,,,,,,
Tre Watson,TE,KC,9999999.0,,2026-03-03,Tre,Watson,,,,,,,,
Justin Watson,WR,HOU,9999999.0,,2026-03-03,Justin,Watson,57.4,407.0,WR147,-9999592.0,,,,
Will Sheppard,WR,GB,9999999.0,,2026-03-03,Will,Sheppard,,,,,,,,
Mo Alie-Cox,TE,IND,9999999.0,,2026-03-03,Mo,Alie-Cox,24.8,660.0,TE115,-9999339.0,,,,
Dante Pettis,WR,NO,9999999.0,,2026-03-03,Dante,Pettis,55.0,421.0,WR151,-9999578.0,,,,
Mac Dalena,WR,NYJ,9999999.0,,2026-03-03,Mac,Dalena,,,,,,,,
Anthony Gould,WR,IND,9999999.0,,2026-03-03,Anthony,Gould,60.5,382.0,WR137,-9999617.0,,,,
Carter Runyon,TE,LV,9999999.0,,2026-03-03,Carter,Runyon,,,,,,,,
Samori Toure,WR,NO,9999999.0,,2026-03-03,Samori,Toure,7.3,918.0,WR347,-9999081.0,,,,
Drake Dabney,TE,GB,9999999.0,,2026-03-03,Drake,Dabney,,,,,,,,
Will Mallory,TE,IND,9999999.0,,2026-03-03,Will,Mallory,25.3,654.0,TE112,-9999345.0,,,,
Lucas Krull,TE,DEN,9999999.0,,2026-03-03,Lucas,Krull,53.4,435.0,TE63,-9999564.0,,,,
Keilan Robinson,RB,NYJ,9999999.0,,2026-03-03,Keilan,Robinson,,,,,,,,
Adrian Killins,RB,DEN,9999999.0,,2026-03-03,Adrian,Killins,,,,,,,,
Barrett Burns,TE,BAL,9999999.0,,2026-03-03,Barrett,Burns,,,,,,,,
Deion Hankins,RB,CHI,9999999.0,,2026-03-03,Deion,Hankins,,,,,,,,
Ryan Miller,WR,NYG,9999999.0,,2026-03-03,Ryan,Miller,80.4,300.0,WR114,-9999699.0,,,,
Greg Dulcich,TE,MIA,9999999.0,,2026-03-03,Greg,Dulcich,46.2,476.0,TE68,-9999523.0,,,,
Joshua Perkins,TE,NYJ,9999999.0,,2026-03-03,Joshua,Perkins,,,,,,,,
David Martin-Robinson,TE,TEN,9999999.0,,2026-03-03,David,Martin-Robinson,19.6,729.0,TE131,-9999270.0,,,,
Blake Bortles,QB,NO,9999999.0,,2026-03-03,Blake,Bortles,,,,,,,,
Chandler Brayboy,WR,JAX,9999999.0,,2026-03-03,Chandler,Brayboy,,,,,,,,
Simi Fehoko,WR,ARI,9999999.0,,2026-03-03,Simi,Fehoko,84.4,288.0,WR110,-9999711.0,,,,
John FitzPatrick,TE,GB,9999999.0,,2026-03-03,John,FitzPatrick,30.5,596.0,TE96,-9999403.0,,,,
Colson Yankoff,TE,WAS,9999999.0,,2026-03-03,Colson,Yankoff,,,,,,,,
Al Riles,WR,IND,9999999.0,,2026-03-03,Al,Riles,,,,,,,,
Jackson Meeks,WR,DET,9999999.0,,2026-03-03,Jackson,Meeks,,,,,,,,
Jaret Patterson,RB,LAC,9999999.0,,2026-03-03,Jaret,Patterson,110.3,228.0,RB44,-9999771.0,,,,
Jimmy Holiday,WR,KC,9999999.0,,2026-03-03,Jimmy,Holiday,,,,,,,,
Brady Russell,TE,SEA,9999999.0,,2026-03-03,Brady,Russell,,,,,,,,
Benny LeMay,RB,CLE,9999999.0,,2026-03-03,Benny,LeMay,,,,,,,,
Durham Smythe,TE,CHI,9999999.0,,2026-03-03,Durham,Smythe,22.8,684.0,TE121,-9999315.0,,,,
Dayton Wade,WR,BAL,9999999.0,,2026-03-03,Dayton,Wade,,,,,,,,
Deven Thompkins,WR,ATL,9999999.0,,2026-03-03,Deven,Thompkins,9.9,845.0,WR303,-9999154.0,,,,
Chris Manhertz,TE,NYG,9999999.0,,2026-03-03,Chris,Manhertz,28.8,614.0,TE101,-9999385.0,,,,
Jaheim Bell,TE,PHI,9999999.0,,2026-03-03,Jaheim,Bell,26.5,640.0,TE109,-9999359.0,,,,
Andrew Armstrong,WR,KC,9999999.0,,2026-03-03,Andrew,Armstrong,,,,,,,,
Eric Saubert,TE,SEA,9999999.0,,2026-03-03,Eric,Saubert,27.0,638.0,TE107,-9999361.0,,,,
Mason Kinsey,WR,TEN,9999999.0,,2026-03-03,Mason,Kinsey,34.8,560.0,WR191,-9999439.0,,,,
Traeshon Holden,WR,DAL,9999999.0,,2026-03-03,Traeshon,Holden,,,,,,,,
Kye Robichaux,RB,DET,9999999.0,,2026-03-03,Kye,Robichaux,,,,,,,,
Bryce Oliver,WR,TEN,9999999.0,,2026-03-03,Bryce,Oliver,69.8,335.0,WR127,-9999664.0,,,,
Layne Pryor,TE,HOU,9999999.0,,2026-03-03,Layne,Pryor,,,,,,,,
Garrett Scantling,WR,ATL,9999999.0,,2026-03-03,Garrett,Scantling,,,,,,,,
Austin Trammell,WR,JAX,9999999.0,,2026-03-03,Austin,Trammell,97.0,257.0,WR96,-9999742.0,,,,
Temarrick Hemingway,TE,WAS,9999999.0,,2026-03-03,Temarrick,Hemingway,12.7,812.0,TE154,-9999187.0,,,,
Travis Vokolek,TE,ARI,9999999.0,,2026-03-03,Travis,Vokolek,,,,,,,,
Amar Johnson,RB,LAC,9999999.0,,2026-03-03,Amar,Johnson,,,,,,,,
James Proche,WR,TEN,9999999.0,,2026-03-03,James,Proche,30.3,600.0,WR202,-9999399.0,,,,
Pharaoh Brown,TE,ARI,9999999.0,,2026-03-03,Pharaoh,Brown,35.9,551.0,TE87,-9999448.0,,,,
Charlie Woerner,TE,ATL,9999999.0,,2026-03-03,Charlie,Woerner,25.4,652.0,TE111,-9999347.0,,,,
Luke Floriea,WR,CLE,9999999.0,,2026-03-03,Luke,Floriea,,,,,,,,
Lee Smith,TE,ATL,9999999.0,,2026-03-03,Lee,Smith,6.2,955.0,TE200,-9999044.0,,,,
Elijah Higgins,TE,ARI,9999999.0,,2026-03-03,Elijah,Higgins,67.0,349.0,TE44,-9999650.0,,,,
Joshua Simon,TE,ATL,9999999.0,,2026-03-03,Joshua,Simon,,,,,,,,
Harrison Bryant,TE,HOU,9999999.0,,2026-03-03,Harrison,Bryant,55.2,419.0,TE58,-9999580.0,,,,
David Moore,WR,CAR,9999999.0,,2026-03-03,David,Moore,81.3,296.0,WR113,-9999703.0,,,,
Montorie Foster,WR,SEA,9999999.0,,2026-03-03,Montorie,Foster,,,,,,,,
Case Keenum,QB,CHI,9999999.0,,2026-03-03,Case,Keenum,42.2,505.0,QB100,-9999494.0,,,,
Jacob Saylors,RB,DET,9999999.0,,2026-03-03,Jacob,Saylors,,,,,,,,
Adam Trautman,TE,DEN,9999999.0,,2026-03-03,Adam,Trautman,31.5,590.0,TE94,-9999409.0,,,,
Dante Miller,RB,NYG,9999999.0,,2026-03-03,Dante,Miller,,,,,,,,
Nate Adkins,TE,DEN,9999999.0,,2026-03-03,Nate,Adkins,40.1,521.0,TE78,-9999478.0,,,,
Anthony Firkser,TE,DET,9999999.0,,2026-03-03,Anthony,Firkser,14.2,789.0,TE145,-9999210.0,,,,
Ito Smith,RB,DAL,9999999.0,,2026-03-03,Ito,Smith,52.9,438.0,RB128,-9999561.0,,,,
Darren Fells,TE,TB,9999999.0,,2026-03-03,Darren,Fells,10.7,832.0,TE162,-9999167.0,,,,
Easton Stick,QB,ATL,9999999.0,,2026-03-03,Easton,Stick,240.3,54.0,QB28,-9999945.0,,,,
Tim Jones,WR,JAX,9999999.0,,2026-03-03,Tim,Jones,55.2,418.0,WR150,-9999581.0,,,,
British Brooks,RB,HOU,9999999.0,,2026-03-03,British,Brooks,3.2,1031.0,RB272,-9998968.0,,,,
Thomas Ives,WR,CHI,9999999.0,,2026-03-03,Thomas,Ives,,,,,,,,
Treyton Welch,TE,NO,9999999.0,,2026-03-03,Treyton,Welch,,,,,,,,
CJ Dippre,TE,NE,9999999.0,,2026-03-03,CJ,Dippre,,,,,,,,
Stone Smartt,TE,NYJ,9999999.0,,2026-03-03,Stone,Smartt,62.4,372.0,TE48,-9999627.0,,,,
DeAndre Thompkins,WR,GB,9999999.0,,2026-03-03,DeAndre,Thompkins,,,,,,,,
Sean McKeon,TE,IND,9999999.0,,2026-03-03,Sean,McKeon,6.0,963.0,TE203,-9999036.0,,,,
Quintin Morris,TE,JAX,9999999.0,,2026-03-03,Quintin,Morris,39.4,525.0,TE81,-9999474.0,,,,
Stephen Gosnell,WR,BUF,9999999.0,,2026-03-03,Stephen,Gosnell,,,,,,,,
Zach Horton,TE,DET,9999999.0,,2026-03-03,Zach,Horton,,,,,,,,
Isaiah Hodgins,WR,NYG,9999999.0,,2026-03-03,Isaiah,Hodgins,30.1,602.0,WR204,-9999397.0,,,,
Aaron Bailey,QB,BAL,9999999.0,,2026-03-03,Aaron,Bailey,,,,,,,,
Cedrick Wilson,WR,MIA,9999999.0,,2026-03-03,Cedrick,Wilson,,,,,,,,
Tip Reiman,TE,ARI,9999999.0,,2026-03-03,Tip,Reiman,27.2,636.0,TE106,-9999363.0,,,,
Nikko Remigio,WR,KC,9999999.0,,2026-03-03,Nikko,Remigio,150.8,157.0,WR50,-9999842.0,,,,
Lawrence Cager,TE,WAS,9999999.0,,2026-03-03,Lawrence,Cager,20.7,715.0,TE127,-9999284.0,,,,
Dohnte Meyers,WR,CIN,9999999.0,,2026-03-03,Dohnte,Meyers,,,,,,,,
Mason Pline,TE,NO,9999999.0,,2026-03-03,Mason,Pline,,,,,,,,
Allen Hurns,WR,MIA,9999999.0,,2026-03-03,Allen,Hurns,,,,,,,,
Tru Edwards,WR,LAR,9999999.0,,2026-03-03,Tru,Edwards,,,,,,,,
Malik Heath,WR,ATL,9999999.0,,2026-03-03,Malik,Heath,76.0,316.0,WR122,-9999683.0,,,,
Jalen Virgil,WR,BUF,9999999.0,,2026-03-03,Jalen,Virgil,15.1,773.0,WR271,-9999226.0,,,,
Kene Nwangwu,RB,NYJ,9999999.0,,2026-03-03,Kene,Nwangwu,0.0,1066.0,RB275,-9998933.0,,,,
Levine Toilolo,TE,NYG,9999999.0,,2026-03-03,Levine,Toilolo,4.7,1008.0,TE217,-9998991.0,,,,
Dylan Drummond,WR,ATL,9999999.0,,2026-03-03,Dylan,Drummond,,,,,,,,
Jordan Moore,WR,CIN,9999999.0,,2026-03-03,Jordan,Moore,,,,,,,,
Caleb Scott,WR,TEN,9999999.0,,2026-03-03,Caleb,Scott,,,,,,,,
Nathan Carter,RB,ATL,9999999.0,,2026-03-03,Nathan,Carter,,,,,,,,
Stetson Bennett,QB,LAR,9999999.0,,2026-03-03,Stetson,Bennett,,,,,,,,
Da'Quan Felton,WR,NYG,9999999.0,,2026-03-03,Da'Quan,Felton,,,,,,,,
Joel Wilson,TE,TEN,9999999.0,,2026-03-03,Joel,Wilson,,,,,,,,
Matt LaCosse,TE,NE,9999999.0,,2026-03-03,Matt,LaCosse,,,,,,,,
Quez Watkins,WR,PHI,9999999.0,,2026-03-03,Quez,Watkins,10.2,839.0,WR298,-9999160.0,,,,
Nick Schuessler,QB,PIT,9999999.0,,2026-03-03,Nick,Schuessler,,,,,,,,
Hal Presley,WR,TEN,9999999.0,,2026-03-03,Hal,Presley,,,,,,,,
Mario Williams,WR,LAR,9999999.0,,2026-03-03,Mario,Williams,,,,,,,,
Foster Moreau,TE,NO,9999999.0,,2026-03-03,Foster,Moreau,74.8,319.0,TE41,-9999680.0,,,,
Mark Redman,TE,LAR,9999999.0,,2026-03-03,Mark,Redman,,,,,,,,
Trayveon Williams,RB,CLE,9999999.0,,2026-03-03,Trayveon,Williams,23.6,671.0,RB219,-9999328.0,,,,
Franko House,TE,CHI,9999999.0,,2026-03-03,Franko,House,,,,,,,,
Jordan Waters,RB,LAR,9999999.0,,2026-03-03,Jordan,Waters,,,,,,,,
Zay Jones,WR,ARI,9999999.0,,2026-03-03,Zay,Jones,20.7,714.0,WR248,-9999285.0,,,,
Jason Brownlee,WR,KC,9999999.0,,2026-03-03,Jason,Brownlee,16.9,756.0,WR263,-9999243.0,,,,
Jalen Morton,QB,IND,9999999.0,,2026-03-03,Jalen,Morton,,,,,,,,
Bryson Green,WR,ARI,9999999.0,,2026-03-03,Bryson,Green,,,,,,,,
Tyrone Broden,WR,SEA,9999999.0,,2026-03-03,Tyrone,Broden,,,,,,,,
Jalen Brooks,WR,ARI,9999999.0,,2026-03-03,Jalen,Brooks,49.8,455.0,WR159,-9999544.0,,,,
Chris Collier,RB,LV,9999999.0,,2026-03-03,Chris,Collier,17.8,745.0,RB239,-9999254.0,,,,
Johnny Mundt,TE,JAX,9999999.0,,2026-03-03,Johnny,Mundt,53.8,428.0,TE60,-9999571.0,,,,
Bryce Pierre,TE,CAR,9999999.0,,2026-03-03,Bryce,Pierre,,,,,,,,
Elijah Cooks,WR,NO,9999999.0,,2026-03-03,Elijah,Cooks,24.2,667.0,WR224,-9999332.0,,,,
Nick Williams,WR,DEN,9999999.0,,2026-03-03,Nick,Williams,,,,,,,,
Nick Vannett,TE,LAR,9999999.0,,2026-03-03,Nick,Vannett,42.8,498.0,TE73,-9999501.0,,,,
Jordan Scarlett,RB,MIA,9999999.0,,2026-03-03,Jordan,Scarlett,,,,,,,,
Reggie Gilliam,RB,BUF,9999999.0,,2026-03-03,Reggie,Gilliam,,,,,,,,
Jackson Hawes,TE,BUF,9999999.0,,2026-03-03,Jackson,Hawes,,,,,,,,
Tom Kennedy,WR,DET,9999999.0,,2026-03-03,Tom,Kennedy,14.6,784.0,WR278,-9999215.0,,,,
Tyler Johnson,WR,NYJ,9999999.0,,2026-03-03,Tyler,Johnson,129.3,196.0,WR67,-9999803.0,,,,
Qadir Ismail,WR,CHI,9999999.0,,2026-03-03,Qadir,Ismail,,,,,,,,
Brandon Smith,WR,PIT,9999999.0,,2026-03-03,Brandon,Smith,,,,,,,,
Wyatt Houston,TE,CAR,9999999.0,,2026-03-03,Wyatt,Houston,,,,,,,,
Rivaldo Fairweather,TE,ARI,9999999.0,,2026-03-03,Rivaldo,Fairweather,,,,,,,,
Dylan Laube,RB,LV,9999999.0,,2026-03-03,Dylan,Laube,0.0,1063.0,RB275,-9998936.0,,,,
John Jiles,WR,NE,9999999.0,,2026-03-03,John,Jiles,,,,,,,,
Zach Terrell,QB,BAL,9999999.0,,2026-03-03,Zach,Terrell,,,,,,,,
Gary Brightwell,RB,CIN,9999999.0,,2026-03-03,Gary,Brightwell,48.4,462.0,RB139,-9999537.0,,,,
Dee Eskridge,WR,MIA,9999999.0,,2026-03-03,Dee,Eskridge,30.2,601.0,WR203,-9999398.0,,,,
Feleipe Franks,TE,ATL,9999999.0,,2026-03-03,Feleipe,Franks,16.2,764.0,TE142,-9999235.0,,,,
Dan Chisena,WR,CAR,9999999.0,,2026-03-03,Dan,Chisena,31.4,591.0,WR200,-9999408.0,,,,
Devin Culp,TE,TB,9999999.0,,2026-03-03,Devin,Culp,134.1,192.0,TE20,-9999807.0,,,,
Skyler Howard,QB,SEA,9999999.0,,2026-03-03,Skyler,Howard,,,,,,,,
Ameer Abdullah,RB,IND,9999999.0,,2026-03-03,Ameer,Abdullah,54.7,423.0,RB121,-9999576.0,,,,
Brycen Tremayne,WR,CAR,9999999.0,,2026-03-03,Brycen,Tremayne,19.9,725.0,WR253,-9999274.0,,,,
Bijan Robinson,RB,ATL,1.4,,2026-03-04,,,328.2,9.0,RB2,,RB1,1.1,-0.3,-7.6
Jahmyr Gibbs,RB,DET,1.9,,2026-03-04,,,341.5,6.0,RB1,,RB2,2.8,0.9,-4.1
Puka Nacua,WR,LA,3.2,,2026-03-04,,,268.1,30.0,WR9,,WR1,2.8,-0.4,-26.8
Ja'Marr Chase,WR,CIN,3.7,,2026-03-04,,,403.7,1.0,WR1,,WR2,3.6,-0.1,2.7
Jaxon Smith-Njigba,WR,SEA,5.2,,2026-03-04,,,207.4,77.0,WR29,,WR3,5.2,-0.0,-71.8
Jonathan Taylor,RB,IND,6.5,,2026-03-04,,,256.1,35.0,RB7,,RB3,6.6,0.1,-28.5
Christian McCaffrey,RB,,7.3,,2026-03-04,,,,,,,RB4,7.4,0.1,
CeeDee Lamb,WR,DAL,8.4,,2026-03-04,,,318.3,10.0,WR2,,WR4,8.3,-0.1,-1.6
Amon-Ra St. Brown,WR,DET,8.8,,2026-03-04,,,271.2,27.0,WR6,,WR5,8.9,0.1,-18.2
James Cook,RB,BUF,10.5,,2026-03-04,,,245.6,43.0,RB9,,RB5,10.6,0.1,-32.5
De'Von Achane,RB,MIA,11.3,,2026-03-04,,,291.5,21.0,RB3,,RB6,11.4,0.1,-9.7
Ashton Jeanty,RB,,12.1,,2026-03-04,,,,,,,RB7,11.7,-0.4,
Justin Jefferson,WR,MIN,13.2,,2026-03-04,,,299.7,17.0,WR4,,WR6,13.8,0.6,-3.8
Omarion Hampton,RB,,15.0,,2026-03-04,,,,,,,RB8,15.3,0.3,
Jeremiyah Love,RB,,15.9,,2026-03-04,,,,,,,RB9,18.5,2.6,
Trey McBride,TE,ARI,16.7,,2026-03-04,,,252.6,39.0,TE1,,TE1,15.7,-1.0,-22.3
Saquon Barkley,RB,PHI,17.2,,2026-03-04,,,220.4,63.0,RB12,,RB10,17.5,0.3,-45.8
Malik Nabers,WR,NYG,17.6,,2026-03-04,,,268.6,29.0,WR8,,WR7,16.3,-1.3,-11.4
Drake London,WR,ATL,18.1,,2026-03-04,,,257.9,34.0,WR11,,WR8,17.1,-1.0,-15.9
Derrick Henry,RB,BAL,20.5,,2026-03-04,,,127.4,171.0,RB37,,RB11,21.3,0.8,-150.5
Brock Bowers,TE,LV,21.0,,2026-03-04,,,230.5,56.0,TE2,,TE2,20.6,-0.4,-35.0
Chase Brown,RB,CIN,22.2,,2026-03-04,,,219.1,64.0,RB13,,RB12,22.0,-0.2,-41.8
George Pickens,WR,PIT,23.0,,2026-03-04,,,209.6,76.0,WR28,,WR9,22.8,-0.2,-53.0
Nico Collins,WR,HOU,23.2,,2026-03-04,,,296.3,18.0,WR5,,WR10,23.3,0.1,5.2
Chris Olave,WR,NO,26.4,,2026-03-04,,,148.4,141.0,WR47,,WR11,26.2,-0.2,-114.6
Josh Jacobs,RB,GB,27.1,,2026-03-04,,,218.9,65.0,RB14,,RB13,27.4,0.3,-37.9
Bucky Irving,RB,TB,27.5,,2026-03-04,,,235.3,51.0,RB10,,RB14,27.9,0.4,-23.5
Kenneth Walker III,RB,SEA,29.4,,2026-03-04,,,291.5,20.0,RB3,,RB15,30.5,1.1,9.4
Breece Hall,RB,NYJ,30.0,,2026-03-04,,,271.3,26.0,RB6,,RB16,29.3,-0.7,4.0
A.J. Brown,WR,PHI,30.5,,2026-03-04,,,235.9,49.0,WR16,,WR12,32.3,1.8,-18.5
Josh Allen,QB,BUF,30.7,,2026-03-04,,,392.4,2.0,QB1,,QB1,30.5,-0.2,28.7
Tetairoa McMillan,WR,,30.8,,2026-03-04,,,,,,,WR12,31.4,0.6,
Rashee Rice,WR,,32.7,,2026-03-04,,,,,,,WR14,30.5,-2.2,
Tee Higgins,WR,CIN,33.5,,2026-03-04,,,309.2,12.0,WR3,,WR15,33.2,-0.3,21.5
Kyren Williams,RB,LA,33.7,,2026-03-04,,,272.0,25.0,RB5,,RB17,33.9,0.2,8.7
Travis Etienne Jr.,RB,,36.5,,2026-03-04,,,,,,,RB18,36.6,0.1,
Ladd McConkey,WR,LAC,37.0,,2026-03-04,,,255.9,38.0,WR12,,WR16,36.3,-0.7,-1.0
Garrett Wilson,WR,NYJ,38.3,,2026-03-04,,,211.6,73.0,WR27,,WR17,38.4,0.1,-34.7
Jameson Williams,WR,DET,40.7,,2026-03-04,,,222.2,61.0,WR21,,WR18,40.4,-0.3,-20.3
Zay Flowers,WR,BAL,41.0,,2026-03-04,,,216.7,67.0,WR23,,WR19,41.5,0.5,-26.0
Davante Adams,WR,,42.1,,2026-03-04,,,,,,,WR20,42.0,-0.1,
DeVonta Smith,WR,PHI,43.1,,2026-03-04,,,221.0,62.0,WR22,,WR21,44.0,0.9,-18.9
Javonte Williams,RB,DEN,43.3,,2026-03-04,,,145.4,146.0,RB34,,RB19,50.3,7.0,-102.7
Colston Loveland,TE,,44.2,,2026-03-04,,,,,,,TE3,43.3,-0.9,
Emeka Egbuka,WR,,44.8,,2026-03-04,,,,,,,WR22,45.2,0.4,
Terry McLaurin,WR,WAS,46.0,,2026-03-04,,,206.4,78.0,WR30,,WR23,46.8,0.8,-32.0
TreVeyon Henderson,RB,,47.5,,2026-03-04,,,,,,,RB21,46.9,-0.6,
Cam Skattebo,RB,,48.1,,2026-03-04,,,,,,,RB20,44.5,-3.6,
Lamar Jackson,QB,BAL,48.7,,2026-03-04,,,378.9,3.0,QB2,,QB2,47.8,-0.9,45.7
Luther Burden,WR,,48.9,,2026-03-04,,,,,,,WR24,48.7,-0.2,
Jaylen Waddle,WR,MIA,51.0,,2026-03-04,,,159.0,121.0,WR41,,WR25,51.4,0.4,-70.0
RJ Harvey,RB,,52.4,,2026-03-04,,,,,,,RB22,50.9,-1.5,
Quinshon Judkins,RB,,53.2,,2026-03-04,,,,,,,RB23,54.7,1.5,
Carnell Tate,WR,,53.7,,2026-03-04,,,,,,,WR26,53.8,0.1,
Christian Watson,WR,GB,56.3,,2026-03-04,,,136.6,161.0,WR56,,WR27,56.2,-0.1,-104.7
Rome Odunze,WR,CHI,56.9,,2026-03-04,,,140.6,155.0,WR52,,WR28,57.8,0.9,-98.1
Makai Lemon,WR,,58.5,,2026-03-04,,,,,,,WR29,57.6,-0.9,
D'Andre Swift,RB,CHI,58.9,,2026-03-04,,,185.9,92.0,RB18,,RB24,58.7,-0.2,-33.1
Brian Thomas,WR,,59.5,,2026-03-04,,,,,,,WR30,60.5,1.0,
Jayden Daniels,QB,WAS,61.5,,2026-03-04,,,362.3,4.0,QB3,,QB3,62.3,0.8,57.5
Jordyn Tyson,WR,,61.7,,2026-03-04,,,,,,,WR31,59.4,-2.3,
Courtland Sutton,WR,DEN,62.6,,2026-03-04,,,238.0,47.0,WR15,,WR32,62.7,0.1,15.6
Marvin Harrison,WR,,63.5,,2026-03-04,,,,,,,WR33,64.5,1.0,
Joe Burrow,QB,CIN,64.0,,2026-03-04,,,354.4,5.0,QB4,,QB4,64.2,0.2,59.0
Mike Evans,WR,TB,64.4,,2026-03-04,,,182.4,96.0,WR32,,WR34,66.2,1.8,-31.6
Drake Maye,QB,NE,66.9,,2026-03-04,,,250.7,42.0,QB21,,QB5,62.8,-4.1,24.9
DK Metcalf,WR,SEA,67.1,,2026-03-04,,,213.8,71.0,WR25,,WR35,67.5,0.4,-3.9
Caleb Williams,QB,CHI,68.3,,2026-03-04,,,229.4,57.0,QB25,,QB6,67.4,-0.9,11.3
Tyler Warren,TE,,69.3,,2026-03-04,,,,,,,TE4,68.2,-1.1,
Jalen Hurts,QB,PHI,69.5,,2026-03-04,,,339.2,7.0,QB5,,QB7,68.9,-0.6,62.5
Jaylen Warren,RB,PIT,71.6,,2026-03-04,,,141.8,154.0,RB35,,RB25,72.2,0.6,-82.4
Parker Washington,WR,JAX,71.6,,2026-03-04,,,88.8,217.0,WR86,,WR36,73.4,1.8,-145.4
Rhamondre Stevenson,RB,NE,75.1,,2026-03-04,,,152.9,129.0,RB27,,RB26,72.9,-2.2,-53.9
Michael Wilson,WR,ARI,75.4,,2026-03-04,,,127.5,169.0,WR62,,WR38,74.6,-0.8,-93.6
Ricky Pearsall,WR,SF,75.4,,2026-03-04,,,134.3,164.0,WR59,,WR37,76.0,0.6,-88.6
Harold Fannin,TE,,75.5,,2026-03-04,,,,,,,TE5,74.9,-0.6,
Bhayshul Tuten,RB,,75.9,,2026-03-04,,,,,,,RB27,76.4,0.5,
Alec Pierce,WR,IND,79.4,,2026-03-04,,,138.1,159.0,WR55,,WR39,78.8,-0.6,-79.6
Justin Herbert,QB,LAC,80.3,,2026-03-04,,,281.8,23.0,QB14,,QB8,79.3,-1.0,57.3
Jaxson Dart,QB,,81.4,,2026-03-04,,,,,,,QB9,80.1,-1.3,
Dak Prescott,QB,DAL,81.9,,2026-03-04,,,289.9,22.0,QB13,,QB10,82.8,0.9,59.9
David Montgomery,RB,DET,82.4,,2026-03-04,,,188.7,87.0,RB16,,RB31,107.9,25.5,-4.6
Trevor Lawrence,QB,JAX,82.9,,2026-03-04,,,261.5,32.0,QB17,,QB11,81.9,-1.0,50.9
Tucker Kraft,TE,GB,83.7,,2026-03-04,,,142.8,151.0,TE15,,TE6,82.5,-1.2,-67.3
Jakobi Meyers,WR,LV,85.4,,2026-03-04,,,244.8,44.0,WR13,,WR40,84.4,-1.0,41.4
Kyle Monangai,RB,,86.2,,2026-03-04,,,,,,,RB28,85.5,-0.7,
Patrick Mahomes,QB,KC,87.4,,2026-03-04,,,337.3,8.0,QB6,,QB12,87.5,0.1,79.4
Quentin Johnston,WR,LAC,88.2,,2026-03-04,,,143.8,148.0,WR49,,WR41,86.3,-1.9,-59.8
Chuba Hubbard,RB,CAR,90.0,,2026-03-04,,,255.9,36.0,RB8,,RB30,91.8,1.8,54.0
Kyle Pitts,TE,ATL,90.1,,2026-03-04,,,108.1,194.0,TE25,,TE7,89.4,-0.7,-103.9
Tony Pollard,RB,TEN,90.2,,2026-03-04,,,196.0,83.0,RB15,,RB29,88.7,-1.5,7.2
Michael Pittman Jr.,WR,,92.4,,2026-03-04,,,,,,,WR42,92.8,0.4,
D.J. Moore,WR,,93.6,,2026-03-04,,,,,,,WR43,95.2,1.6,
Sam LaPorta,TE,DET,94.1,,2026-03-04,,,203.5,81.0,TE4,,TE8,92.4,-1.7,13.1
Jadarian Price,RB,,96.8,,2026-03-04,,,,,,,RB32,98.2,1.4,
Blake Corum,RB,LA,97.0,,2026-03-04,,,21.2,389.0,RB102,,RB33,95.0,-2.0,-292.0
Tyler Allgeier,RB,ATL,97.5,,2026-03-04,,,107.5,195.0,RB40,,RB34,100.4,2.9,-97.5
Brock Purdy,QB,SF,97.6,,2026-03-04,,,309.3,11.0,QB7,,QB13,97.5,-0.1,86.6
Stefon Diggs,WR,HOU,97.8,,2026-03-04,,,163.2,117.0,WR40,,WR44,91.4,-6.4,-19.2
Matthew Stafford,QB,LA,99.6,,2026-03-04,,,152.6,131.0,QB50,,QB14,98.3,-1.3,-31.4
Jordan Addison,WR,MIN,100.1,,2026-03-04,,,234.7,52.0,WR18,,WR46,100.2,0.1,48.1
Xavier Worthy,WR,KC,100.2,,2026-03-04,,,172.8,102.0,WR35,,WR45,97.0,-3.2,-1.8
Rico Dowdle,RB,DAL,102.3,,2026-03-04,,,159.9,120.0,RB24,,RB35,102.3,-0.0,-17.7
Bo Nix,QB,DEN,102.4,,2026-03-04,,,308.4,14.0,QB9,,QB15,102.7,0.3,88.4
Jared Goff,QB,DET,104.3,,2026-03-04,,,277.4,24.0,QB15,,QB16,103.6,-0.7,80.3
Oronde Gadsden,TE,,105.4,,2026-03-04,,,,,,,TE9,104.6,-0.8,
Jordan Love,QB,GB,106.9,,2026-03-04,,,252.3,40.0,QB19,,QB17,107.0,0.1,66.9
Baker Mayfield,QB,TB,109.9,,2026-03-04,,,304.4,16.0,QB11,,QB18,110.3,0.4,93.9
Dalton Kincaid,TE,BUF,110.5,,2026-03-04,,,140.4,156.0,TE17,,TE10,109.3,-1.2,-45.5
Denzel Boston,WR,,110.6,,2026-03-04,,,,,,,WR47,106.9,-3.7,
Wan'Dale Robinson,WR,NYG,110.8,,2026-03-04,,,214.1,70.0,WR24,,WR48,110.2,-0.6,40.8
Jauan Jennings,WR,SF,112.5,,2026-03-04,,,212.0,72.0,WR26,,WR49,112.3,-0.2,40.5
Chris Godwin,WR,,113.2,,2026-03-04,,,,,,,WR50,114.2,1.0,
Jayden Reed,WR,GB,113.7,,2026-03-04,,,153.2,127.0,WR43,,WR51,113.3,-0.4,-13.3
Jonah Coleman,RB,,115.8,,2026-03-04,,,,,,,RB36,116.7,0.9,
Khalil Shakir,WR,BUF,117.0,,2026-03-04,,,235.8,50.0,WR17,,WR52,115.9,-1.1,67.0
Tyler Shough,QB,,117.8,,2026-03-04,,,,,,,QB19,118.1,0.3,
Jalen Coker,WR,CAR,118.3,,2026-03-04,,,134.4,163.0,WR58,,WR53,118.1,-0.2,-44.7
George Kittle,TE,SF,120.4,,2026-03-04,,,209.8,75.0,TE3,,TE11,118.9,-1.5,45.4
Matthew Golden,WR,,122.1,,2026-03-04,,,,,,,WR54,123.0,0.9,
KC Concepcion,WR,,122.9,,2026-03-04,,,,,,,WR55,126.0,3.1,
Jacory Croskey-Merritt,RB,,124.1,,2026-03-04,,,,,,,RB37,122.7,-1.4,
Kenneth Gainwell,RB,PHI,125.0,,2026-03-04,,,53.5,298.0,RB75,,RB39,126.8,1.8,-173.0
Sam Darnold,QB,MIN,125.3,,2026-03-04,,,296.2,19.0,QB12,,QB20,123.7,-1.6,106.3
Jayden Higgins,WR,,125.6,,2026-03-04,,,,,,,WR56,124.8,-0.8,
Jake Ferguson,TE,DAL,127.2,,2026-03-04,,,143.3,149.0,TE14,,TE12,126.0,-1.2,-21.8
Kenyon Sadiq,TE,,129.0,,2026-03-04,,,,,,,TE13,146.7,17.7,
Malik Willis,QB,GB,129.8,,2026-03-04,,,127.4,170.0,QB53,,QB21,141.2,11.4,-40.2
Deebo Samuel,WR,,130.3,,2026-03-04,,,,,,,WR57,128.7,-1.6,
Woody Marks,RB,,131.2,,2026-03-04,,,,,,,RB38,121.2,-10.0,
Tyrone Tracy,RB,,133.3,,2026-03-04,,,,,,,RB40,130.4,-2.9,
Trey Benson,RB,ARI,133.7,,2026-03-04,,,42.9,331.0,RB89,,RB41,137.0,3.3,-197.3
Jordan Mason,RB,SF,134.5,,2026-03-04,,,173.5,101.0,RB19,,RB44,147.2,12.7,33.5
Fernando Mendoza,QB,,135.5,,2026-03-04,,,,,,,QB22,133.6,-1.9,
J.K. Dobbins,RB,LAC,135.9,,2026-03-04,,,225.8,59.0,RB11,,RB42,134.7,-1.2,76.9
Kyler Murray,QB,ARI,136.3,,2026-03-04,,,308.9,13.0,QB8,,QB24,141.0,4.7,123.3
Dallas Goedert,TE,PHI,136.5,,2026-03-04,,,151.6,134.0,TE11,,TE14,131.5,-5.0,2.5
Romeo Doubs,WR,GB,137.0,,2026-03-04,,,158.7,122.0,WR42,,WR58,137.9,0.9,15.0
C.J. Stroud,QB,HOU,137.3,,2026-03-04,,,255.9,37.0,QB18,,QB23,134.9,-2.4,100.3
Brenton Strange,TE,JAX,138.6,,2026-03-04,,,101.0,205.0,TE30,,TE15,133.6,-5.0,-66.4
Emmett Johnson,RB,,138.6,,2026-03-04,,,,,,,RB43,128.0,-10.6,
Rashid Shaheed,WR,NO,141.0,,2026-03-04,,,195.5,84.0,WR31,,WR59,140.6,-0.4,57.0
Bryce Young,QB,CAR,142.2,,2026-03-04,,,205.4,80.0,QB33,,QB25,138.3,-3.9,62.2
James Conner,RB,ARI,145.4,,2026-03-04,,,165.6,112.0,RB22,,RB45,140.7,-4.7,33.4
Brandon Aiyuk,WR,SF,145.7,,2026-03-04,,,144.5,147.0,WR48,,WR60,142.6,-3.1,-1.3
Cam Ward,QB,,146.2,,2026-03-04,,,,,,,QB26,143.8,-2.4,
Juwan Johnson,TE,NO,147.0,,2026-03-04,,,93.3,211.0,TE32,,TE16,146.0,-1.0,-64.0
Travis Hunter,WR,,148.3,,2026-03-04,,,,,,,WR61,149.9,1.6,
Alvin Kamara,RB,NO,149.3,,2026-03-04,,,171.5,104.0,RB20,,RB46,148.7,-0.6,45.3
Tyreek Hill,WR,MIA,149.3,,2026-03-04,,,165.0,113.0,WR39,,WR61,145.6,-3.7,36.3
Josh Downs,WR,IND,151.7,,2026-03-04,,,239.9,46.0,WR14,,WR63,152.9,1.2,105.7
Mark Andrews,TE,BAL,151.7,,2026-03-04,,,148.2,142.0,TE13,,TE17,151.6,-0.1,9.7
Daniel Jones,QB,NYG,154.1,,2026-03-04,,,250.8,41.0,QB20,,QB27,155.4,1.3,113.1
Jalen McMillan,WR,TB,154.8,,2026-03-04,,,168.1,109.0,WR36,,WR64,156.9,2.1,45.8
Rachaad White,RB,TB,155.6,,2026-03-04,,,152.2,133.0,RB28,,RB47,163.6,8.0,22.6
Hunter Henry,TE,NE,157.4,,2026-03-04,,,142.8,152.0,TE15,,TE18,154.4,-3.0,5.4
Kayshon Boutte,WR,NE,158.9,,2026-03-04,,,124.5,173.0,WR64,,WR65,151.2,-7.7,-14.1
Tyjae Spears,RB,TEN,159.6,,2026-03-04,,,148.7,138.0,RB30,,RB48,158.2,-1.4,21.6
Pat Bryant,WR,,159.9,,2026-03-04,,,,,,,WR66,156.8,-3.1,
Zach Charbonnet,RB,SEA,160.4,,2026-03-04,,,150.0,135.0,RB29,,RB49,157.7,-2.7,25.4
Mike Washington Jr.,RB,,160.6,,2026-03-04,,,,,,,RB52,216.8,56.2,
Jerry Jeudy,WR,CLE,161.0,,2026-03-04,,,232.4,55.0,WR20,,WR67,159.9,-1.1,106.0
Jonathon Brooks,RB,,161.4,,2026-03-04,,,,,,,RB50,164.1,2.7,
Travis Kelce,TE,KC,161.7,,2026-03-04,,,170.7,107.0,TE9,,TE19,161.8,0.1,54.7
Omar Cooper Jr.,WR,,164.3,,2026-03-04,,,,,,,WR69,184.8,20.5,
Troy Franklin,WR,DEN,165.1,,2026-03-04,,,69.3,248.0,WR103,,WR68,163.8,-1.3,-82.9
Sean Tucker,RB,TB,165.9,,2026-03-04,,,63.0,260.0,RB60,,RB51,167.1,1.2,-94.1
Aaron Jones,RB,MIN,168.7,,2026-03-04,,,110.1,188.0,RB39,,RB53,163.0,-5.7,-19.3
AJ Barner,TE,SEA,168.8,,2026-03-04,,,61.9,264.0,TE41,,TE20,167.8,-1.0,-95.2
Michael Penix,QB,,171.5,,2026-03-04,,,,,,,QB28,169.2,-2.3,
Calvin Ridley,WR,TEN,171.7,,2026-03-04,,,131.1,165.0,WR60,,WR70,172.3,0.6,6.7
Isaiah Likely,TE,BAL,172.0,,2026-03-04,,,148.4,140.0,TE12,,TE21,173.5,1.5,32.0
Braelon Allen,RB,NYJ,173.4,,2026-03-04,,,63.0,259.0,RB60,,RB54,162.2,-11.2,-85.6
Chimere Dike,WR,,174.1,,2026-03-04,,,,,,,WR71,173.2,-0.9,
Theo Johnson,TE,NYG,174.3,,2026-03-04,,,118.9,178.0,TE21,,TE22,171.0,-3.3,-3.7
Tank Dell,WR,HOU,176.0,,2026-03-04,,,178.4,98.0,WR34,,WR72,175.1,-0.9,78.0
Kimani Vidal,RB,LAC,176.6,,2026-03-04,,,56.2,286.0,RB70,,RB55,176.5,-0.1,-109.4
David Njoku,TE,CLE,178.3,,2026-03-04,,,187.2,90.0,TE6,,TE23,177.6,-0.7,88.3
Kaytron Allen,RB,,178.3,,2026-03-04,,,,,,,RB56,174.7,-3.6,
Tre' Harris,WR,,179.4,,2026-03-04,,,,,,,WR73,181.4,2.0,
Adonai Mitchell,WR,IND,181.0,,2026-03-04,,,62.2,263.0,WR106,,WR74,179.2,-1.8,-82.0
Dylan Sampson,RB,,183.1,,2026-03-04,,,,,,,RB57,183.3,0.2,
Elijah Sarratt,WR,,183.3,,2026-03-04,,,,,,,WR75,178.2,-5.1,
Terrance Ferguson,TE,,184.4,,2026-03-04,,,,,,,TE24,188.8,4.4,
Isaac TeSlaa,WR,,185.4,,2026-03-04,,,,,,,WR76,183.5,-1.9,
Tre Tucker,WR,LV,185.9,,2026-03-04,,,104.9,200.0,WR78,,WR77,184.4,-1.5,-14.1
Dalton Schultz,TE,HOU,186.7,,2026-03-04,,,137.0,160.0,TE18,,TE25,186.2,-0.5,26.7
Brian Robinson,RB,WAS,187.5,,2026-03-04,,,156.3,124.0,RB25,,RB58,187.8,0.3,63.5
T.J. Hockenson,TE,MIN,189.6,,2026-03-04,,,171.7,103.0,TE7,,TE26,187.2,-2.4,86.6
Tank Bigsby,RB,JAX,190.2,,2026-03-04,,,146.7,143.0,RB32,,RB59,192.3,2.1,47.2
Jacoby Brissett,QB,NE,191.8,,2026-03-04,,,164.6,116.0,QB45,,QB29,191.1,-0.7,75.8
Eli Stowers,TE,,192.7,,2026-03-04,,,,,,,TE27,219.8,27.1,
Tory Horton,WR,,194.0,,2026-03-04,,,,,,,WR78,194.3,0.3,
Nicholas Singleton,RB,,194.3,,2026-03-04,,,,,,,RB60,192.1,-2.2,
Zachariah Branch,WR,,196.7,,2026-03-04,,,,,,,WR79,197.2,0.5,
Elic Ayomanor,WR,,198.4,,2026-03-04,,,,,,,WR80,195.5,-2.9,
Keaton Mitchell,RB,,198.8,,2026-03-04,,,,,,,RB62,198.2,-0.6,
Joe Mixon,RB,HOU,199.7,,2026-03-04,,,187.7,89.0,RB17,,RB61,181.5,-18.2,110.7
Gunnar Helm,TE,,201.4,,2026-03-04,,,,,,,TE28,199.6,-1.8,
Keon Coleman,WR,BUF,201.5,,2026-03-04,,,107.2,196.0,WR77,,WR81,201.7,0.2,5.5
Ray Davis,RB,BUF,202.4,,2026-03-04,,,80.9,229.0,RB46,,RB63,206.0,3.6,-26.6
Colby Parkinson,TE,LA,204.3,,2026-03-04,,,54.6,292.0,TE48,,TE29,200.5,-3.8,-87.7
J.J. McCarthy,QB,,204.6,,2026-03-04,,,,,,,QB30,189.0,-15.6,
Mason Taylor,TE,,205.8,,2026-03-04,,,,,,,TE30,203.6,-2.2,
Chris Brazzell II,WR,,207.1,,2026-03-04,,,,,,,WR82,215.9,8.8,
Marvin Mims Jr.,WR,DEN,208.7,,2026-03-04,,,108.5,193.0,WR76,,WR83,204.9,-3.8,15.7
Ja'Kobi Lane,WR,,210.3,,2026-03-04,,,,,,,WR85,214.5,4.2,
Najee Harris,RB,PIT,210.4,,2026-03-04,,,170.6,108.0,RB21,,RB65,222.8,12.4,102.4
Shedeur Sanders,QB,,211.2,,2026-03-04,,,,,,,QB31,201.8,-9.4,
Ryan Flournoy,WR,DAL,211.6,,2026-03-04,,,61.3,266.0,WR107,,WR84,206.9,-4.7,-54.4
Emanuel Wilson,RB,GB,212.0,,2026-03-04,,,74.2,242.0,RB49,,RB64,204.3,-7.7,-30.0
Cade Otton,TE,TB,214.1,,2026-03-04,,,171.0,106.0,TE8,,TE31,211.4,-2.7,108.1
Kaleb Johnson,RB,,214.1,,2026-03-04,,,,,,,RB66,209.8,-4.3,
Aaron Rodgers,QB,NYJ,214.8,,2026-03-04,,,160.8,119.0,QB46,,QB32,211.8,-3.0,95.8
Demond Claiborne,RB,,216.2,,2026-03-04,,,,,,,RB67,226.6,10.4,
Darnell Mooney,WR,ATL,218.0,,2026-03-04,,,167.2,111.0,WR38,,WR86,215.6,-2.4,107.0
Cooper Kupp,WR,LA,220.0,,2026-03-04,,,152.8,130.0,WR44,,WR87,215.2,-4.8,90.0
Kyle Williams,WR,,220.7,,2026-03-04,,,,,,,WR88,219.3,-1.4,
Brashard Smith,RB,,221.4,,2026-03-04,,,,,,,RB68,213.6,-7.8,
Germie Bernard,WR,,222.4,,2026-03-04,,,,,,,WR90,232.5,10.1,
Pat Freiermuth,TE,PIT,222.4,,2026-03-04,,,130.9,166.0,TE19,,TE33,219.9,-2.5,56.4
Malik Washington,WR,MIA,222.8,,2026-03-04,,,85.8,222.0,WR90,,WR89,221.3,-1.5,0.8
Jake Tonges,TE,,223.2,,2026-03-04,,,,,,,TE32,216.8,-6.4,
Devin Neal,RB,,224.3,,2026-03-04,,,,,,,RB69,227.7,3.4,
Kirk Cousins,QB,ATL,226.2,,2026-03-04,,,171.2,105.0,QB43,,QB33,227.3,1.1,121.2
Keenan Allen,WR,CHI,227.0,,2026-03-04,,,142.5,153.0,WR51,,WR92,228.7,1.7,74.0
Devaughn Vele,WR,DEN,227.8,,2026-03-04,,,109.2,191.0,WR74,,WR93,223.7,-4.1,36.8
Malachi Fields,WR,,228.6,,2026-03-04,,,,,,,WR91,224.0,-4.6,
Ty Simpson,QB,,229.3,,2026-03-04,,,,,,,QB34,232.2,2.9,
Jaydon Blue,RB,,229.6,,2026-03-04,,,,,,,RB70,223.2,-6.4,
Chig Okonkwo,TE,TEN,230.4,,2026-03-04,,,110.2,187.0,TE23,,TE34,231.0,0.6,43.4
Ollie Gordon,RB,,230.9,,2026-03-04,,,,,,,RB71,230.0,-0.9,
Jaylin Noel,WR,,231.2,,2026-03-04,,,,,,,WR94,228.5,-2.7,
Chris Bell,WR,,232.2,,2026-03-04,,,,,,,WR96,234.3,2.1,
Rashod Bateman,WR,BAL,232.3,,2026-03-04,,,149.1,137.0,WR46,,WR95,231.4,-0.9,95.3
Jordan James,RB,,233.8,,2026-03-04,,,,,,,RB72,233.0,-0.8,
Geno Smith,QB,SEA,234.7,,2026-03-04,,,225.1,60.0,QB27,,QB38,237.7,3.0,174.7
Ted Hurst,WR,,234.8,,2026-03-04,,,,,,,WR97,238.1,3.3,
Adam Randall,RB,,234.9,,2026-03-04,,,,,,,RB74,237.3,2.4,
Anthony Richardson,QB,IND,235.1,,2026-03-04,,,264.5,31.0,QB16,,QB36,238.0,2.9,204.1
Chris Rodriguez,RB,,235.2,,2026-03-04,,,,,,,RB73,234.9,-0.3,
Tua Tagovailoa,QB,MIA,235.3,,2026-03-04,,,307.8,15.0,QB10,,QB37,234.3,-1.0,220.3
Mac Jones,QB,JAX,235.4,,2026-03-04,,,186.6,91.0,QB37,,QB35,232.3,-3.1,144.4
Isiah Pacheco,RB,KC,235.5,,2026-03-04,,,107.0,197.0,RB41,,RB75,233.6,-1.9,38.5
Mike Gesicki,TE,CIN,235.8,,2026-03-04,,,124.2,174.0,TE20,,TE35,235.9,0.1,61.8
Evan Engram,TE,JAX,236.1,,2026-03-04,,,165.0,114.0,TE10,,TE36,235.7,-0.4,122.1
Jack Bech,WR,,236.3,,2026-03-04,,,,,,,WR98,235.8,-0.5,
Isaiah Bond,WR,,237.0,,2026-03-04,,,,,,,WR99,236.8,-0.2,
Seth McGowan,RB,,237.0,,2026-03-04,,,,,,,RB76,239.8,2.8,
Tez Johnson,WR,,237.0,,2026-03-04,,,,,,,WR100,237.5,0.5,
LeQuint Allen,RB,,237.5,,2026-03-04,,,,,,,RB76,237.5,-0.0,
Xavier Legette,WR,CAR,237.5,,2026-03-04,,,152.6,132.0,WR45,,WR101,237.5,-0.0,105.5
Jalen Nailor,WR,MIN,237.7,,2026-03-04,,,86.4,221.0,WR89,,WR104,238.8,1.1,16.7
Bryce Lance,WR,,237.9,,2026-03-04,,,,,,,WR103,240.0,2.1,
Christian Kirk,WR,JAX,238.0,,2026-03-04,,,118.1,179.0,WR66,,WR101,236.9,-1.1,59.0
Darius Slayton,WR,NYG,238.1,,2026-03-04,,,91.2,214.0,WR85,,WR106,238.2,0.1,24.1
Ben Sinnott,TE,,238.2,,2026-03-04,,,,,,,TE37,238.0,-0.2,
Max Klare,TE,,238.2,,2026-03-04,,,,,,,TE38,239.4,1.2,
Skyler Bell,WR,,238.4,,2026-03-04,,,,,,,WR108,239.7,1.3,
Dontayvion Wicks,WR,GB,238.5,,2026-03-04,,,121.8,175.0,WR65,,WR107,238.4,-0.1,63.5
Antonio Williams,WR,,238.6,,2026-03-04,,,,,,,WR104,239.5,0.9,
Derek Carr,QB,NO,238.6,,2026-03-04,,,215.5,69.0,QB30,,QB39,239.0,0.4,169.6
DJ Giddens,RB,,238.7,,2026-03-04,,,,,,,RB78,239.0,0.3,
George Holani,RB,,238.7,,2026-03-04,,,,,,,RB83,239.6,0.9,
Ja'Tavion Sanders,TE,CAR,238.7,,2026-03-04,,,46.2,321.0,TE56,,TE40,239.1,0.4,-82.3
Elijah Arroyo,TE,,238.9,,2026-03-04,,,,,,,TE39,238.6,-0.3,
Deshaun Watson,QB,CLE,239.0,,2026-03-04,,,233.0,53.0,QB24,,QB40,239.3,0.3,186.0
Hollywood Brown,WR,,239.0,,2026-03-04,,,,,,,WR109,238.3,-0.7,
Jaylen Wright,RB,MIA,239.0,,2026-03-04,,,29.6,358.0,RB94,,RB79,239.0,-0.0,-119.0
Deion Burks,WR,,239.2,,2026-03-04,,,,,,,WR110,240.0,0.8,
Michael Trigg,TE,,239.2,,2026-03-04,,,,,,,TE41,238.7,-0.5,
Justin Joly,TE,,239.3,,2026-03-04,,,,,,,TE42,238.8,-0.5,
Michael Mayer,TE,LV,239.3,,2026-03-04,,,43.3,330.0,TE57,,TE44,238.7,-0.6,-90.7
Andrei Iosivas,WR,CIN,239.4,,2026-03-04,,,139.5,157.0,WR53,,WR112,239.3,-0.1,82.4
Darnell Washington,TE,PIT,239.4,,2026-03-04,,,38.0,343.0,TE65,,TE43,239.7,0.3,-103.6
MarShawn Lloyd,RB,,239.4,,2026-03-04,,,,,,,RB82,239.6,0.2,
Zach Ertz,TE,WAS,239.4,,2026-03-04,,,96.9,207.0,TE31,,TE45,239.6,0.2,32.4
Brenen Thompson,WR,,239.5,,2026-03-04,,,,,,,WR110,239.9,0.4,
Kareem Hunt,RB,KC,239.5,,2026-03-04,,,95.6,208.0,RB42,,RB81,239.3,-0.2,31.5
Luke McCaffrey,WR,WAS,239.5,,2026-03-04,,,56.8,282.0,WR115,,WR114,239.7,0.2,-42.5
Mack Hollins,WR,BUF,239.5,,2026-03-04,,,44.5,326.0,WR126,,WR113,238.6,-0.9,-86.5
Cole Kmet,TE,CHI,239.6,,2026-03-04,,,105.6,198.0,TE26,,TE47,239.5,-0.1,41.6
Dawson Knox,TE,BUF,239.6,,2026-03-04,,,61.4,265.0,TE42,,TE46,239.5,-0.1,-25.4
Eric McAlister,WR,,239.6,,2026-03-04,,,,,,,WR117,239.7,0.1,
Isaiah Davis,RB,,239.6,,2026-03-04,,,,,,,RB80,237.8,-1.8,
KeAndre Lambert-Smith,WR,,239.6,,2026-03-04,,,,,,,WR116,239.8,0.2,
Roman Hemby,RB,,239.6,,2026-03-04,,,,,,,RB83,238.6,-1.0,
Taylen Green,QB,,239.6,,2026-03-04,,,,,,,QB42,239.9,0.3,
Darren Waller,TE,NYG,239.7,,2026-03-04,,,12.3,408.0,TE86,,TE48,239.7,-0.0,-168.3
DeMario Douglas,WR,NE,239.7,,2026-03-04,,,135.8,162.0,WR57,,WR125,239.9,0.2,77.7
Devontez Walker,WR,,239.7,,2026-03-04,,,,,,,WR115,239.6,-0.1,
Jalen Royals,WR,,239.7,,2026-03-04,,,,,,,WR118,239.5,-0.2,
Jaylin Lane,WR,,239.7,,2026-03-04,,,,,,,WR126,239.9,0.2,
Joe Flacco,QB,IND,239.7,,2026-03-04,,,164.9,115.0,QB44,,QB43,240.0,0.3,124.7
Jonnu Smith,TE,MIA,239.7,,2026-03-04,,,189.0,85.0,TE5,,TE50,239.9,0.2,154.7
Justice Hill,RB,BAL,239.7,,2026-03-04,,,73.4,244.0,RB51,,RB87,239.9,0.2,-4.3
Justin Fields,QB,PIT,239.7,,2026-03-04,,,241.4,45.0,QB22,,QB44,239.6,-0.1,194.7
Ty Johnson,RB,BUF,239.7,,2026-03-04,,,43.7,328.0,RB88,,RB86,239.8,0.1,-88.3
Audric Estime,RB,,239.8,,2026-03-04,,,,,,,RB89,239.7,-0.1,
Blake Whiteheart,TE,CLE,239.8,,2026-03-04,,,31.8,354.0,TE69,,TE51,239.8,-0.0,-114.2
Calvin Austin III,WR,PIT,239.8,,2026-03-04,,,114.2,182.0,WR68,,WR121,239.7,-0.1,57.8
Cedric Tillman,WR,CLE,239.8,,2026-03-04,,,102.3,204.0,WR80,,WR123,239.5,-0.3,35.8
Colbie Young,WR,,239.8,,2026-03-04,,,,,,,WR131,240.0,0.2,
DeAndre Hopkins,WR,KC,239.8,,2026-03-04,,,75.6,238.0,WR100,,WR124,239.9,0.1,1.8
Duke Johnson,RB,,239.8,,2026-03-04,,,,,,,RB90,239.8,-0.0,
Jalen Milroe,QB,,239.8,,2026-03-04,,,,,,,QB45,239.9,0.1,
Jam Miller,RB,,239.8,,2026-03-04,,,,,,,RB92,240.0,0.2,
Jarquez Hunter,RB,,239.8,,2026-03-04,,,,,,,RB99,239.9,0.1,
Jaydn Ott,RB,,239.8,,2026-03-04,,,,,,,RB88,239.6,-0.2,
Kaelon Black,RB,,239.8,,2026-03-04,,,,,,,RB90,239.3,-0.5,
Kendre Miller,RB,,239.8,,2026-03-04,,,,,,,RB91,239.7,-0.1,
Le'Veon Moss,RB,,239.8,,2026-03-04,,,,,,,RB85,239.8,-0.0,
Max Brosmer,QB,,239.8,,2026-03-04,,,,,,,QB49,239.8,-0.0,
Nick Mullens,QB,,239.8,,2026-03-04,,,,,,,QB48,239.8,-0.0,
Odell Beckham Jr.,WR,MIA,239.8,,2026-03-04,,,27.3,369.0,WR139,,WR121,239.8,-0.0,-129.2
Sione Vaki,RB,,239.8,,2026-03-04,,,,,,,RB103,240.0,0.2,
Tahj Brooks,RB,,239.8,,2026-03-04,,,,,,,RB97,239.7,-0.1,
Tanner McLachlan,TE,,239.8,,2026-03-04,,,,,,,,239.8,-0.0,
Travis Homer,RB,,239.8,,2026-03-04,,,,,,,RB98,239.9,0.1,
Trevor Etienne,RB,,239.8,,2026-03-04,,,,,,,RB92,239.9,0.1,
Tyler Higbee,TE,,239.8,,2026-03-04,,,,,,,TE50,239.6,-0.2,
Tyquan Thornton,WR,,239.8,,2026-03-04,,,,,,,WR121,239.8,-0.0,
Tyson Bagent,QB,,239.8,,2026-03-04,,,,,,,QB41,240.0,0.2,
Austin Ekeler,RB,WAS,239.9,,2026-03-04,,,88.0,219.0,RB44,,RB97,239.9,-0.0,20.9
Brandin Cooks,WR,DAL,239.9,,2026-03-04,,,104.2,201.0,WR79,,WR118,239.8,-0.1,38.9
Cade Stover,TE,HOU,239.9,,2026-03-04,,,39.5,338.0,TE62,,TE53,240.0,0.1,-98.1
Darius Cooper,WR,,239.9,,2026-03-04,,,,,,,WR135,240.0,0.1,
De'Zhaun Stribling,WR,,239.9,,2026-03-04,,,,,,,WR134,240.0,0.1,
Demarcus Robinson,WR,LA,239.9,,2026-03-04,,,77.8,234.0,WR98,,WR129,240.0,0.1,5.9
Dont'e Thornton,WR,,239.9,,2026-03-04,,,,,,,WR118,239.2,-0.7,
Erick All,TE,CIN,239.9,,2026-03-04,,,80.5,230.0,TE35,,TE52,239.9,-0.0,9.9
Ezekiel Elliott,RB,DAL,239.9,,2026-03-04,,,37.8,344.0,RB91,,RB109,239.9,-0.0,-104.1
Hunter Luepke,RB,,239.9,,2026-03-04,,,,,,,RB98,239.9,-0.0,
Isaac Guerendo,RB,SF,239.9,,2026-03-04,,,66.5,254.0,RB57,,RB94,239.9,-0.0,-14.1
J'Mari Taylor,RB,,239.9,,2026-03-04,,,,,,,RB106,239.5,-0.4,
Ja'Lynn Polk,WR,NE,239.9,,2026-03-04,,,32.6,352.0,WR134,,WR139,239.9,-0.0,-112.1
Jahan Dotson,WR,PHI,239.9,,2026-03-04,,,41.0,334.0,WR129,,WR129,239.9,-0.0,-94.1
Jameis Winston,QB,CLE,239.9,,2026-03-04,,,188.2,88.0,QB36,,QB51,239.9,-0.0,151.9
Jeff Wilson Jr.,RB,,239.9,,2026-03-04,,,,,,,RB96,239.9,-0.0,
Jimmy Garoppolo,QB,,239.9,,2026-03-04,,,,,,,QB46,239.9,-0.0,
Jimmy Horn,WR,,239.9,,2026-03-04,,,,,,,WR135,239.9,-0.0,
Joshua Palmer,WR,,239.9,,2026-03-04,,,,,,,WR144,240.0,0.1,
KaVontae Turpin,WR,DAL,239.9,,2026-03-04,,,110.8,186.0,WR72,,WR133,239.7,-0.2,53.9
Kendrick Bourne,WR,NE,239.9,,2026-03-04,,,79.7,232.0,WR96,,WR128,239.9,-0.0,7.9
Kevin Coleman Jr.,WR,,239.9,,2026-03-04,,,,,,,WR126,239.9,-0.0,
Konata Mumpfield,WR,,239.9,,2026-03-04,,,,,,,WR148,239.9,-0.0,
Luke Schoonmaker,TE,DAL,239.9,,2026-03-04,,,56.1,287.0,TE46,,TE58,240.0,0.1,-47.1
Marcus Mariota,QB,,239.9,,2026-03-04,,,,,,,QB46,239.5,-0.4,
Marquez Valdes-Scantling,WR,,239.9,,2026-03-04,,,,,,,WR124,239.9,-0.0,
Mason Tipton,WR,NO,239.9,,2026-03-04,,,42.4,333.0,WR128,,WR128,240.0,0.1,-93.1
Michael Strachan,WR,,239.9,,2026-03-04,,,,,,,WR126,239.9,-0.0,
Nick Chubb,RB,CLE,239.9,,2026-03-04,,,71.2,246.0,RB53,,RB102,239.8,-0.1,-6.1
Noah Gray,TE,KC,239.9,,2026-03-04,,,105.3,199.0,TE27,,TE56,239.7,-0.2,40.9
Oscar Delp,TE,,239.9,,2026-03-04,,,,,,,TE53,240.0,0.1,
Phil Mafah,RB,,239.9,,2026-03-04,,,,,,,RB103,240.0,0.1,
Rahsul Faison,RB,,239.9,,2026-03-04,,,,,,,RB100,240.0,0.1,
Roman Wilson,WR,,239.9,,2026-03-04,,,,,,,WR139,240.0,0.1,
Rondale Moore,WR,ARI,239.9,,2026-03-04,,,10.0,416.0,WR165,,WR139,239.9,-0.0,-176.1
Ronnie Rivers,RB,,239.9,,2026-03-04,,,,,,,RB104,239.9,-0.0,
Sam Roush,TE,,239.9,,2026-03-04,,,,,,,TE49,240.0,0.1,
Savion Williams,WR,,239.9,,2026-03-04,,,,,,,WR131,239.9,-0.0,
Treylon Burks,WR,,239.9,,2026-03-04,,,,,,,WR139,240.0,0.1,
Tucker Fisk,TE,LAC,239.9,,2026-03-04,,,33.4,351.0,TE68,,TE60,239.9,-0.0,-111.1
Tyler Conklin,TE,NYJ,239.9,,2026-03-04,,,103.7,203.0,TE29,,TE54,239.9,-0.0,36.9
Aaron Anderson,WR,,240.0,,2026-03-04,,,,,,,WR140,240.0,-0.0,
Andrew Armstrong,WR,,240.0,,2026-03-04,,,,,,,WR153,240.0,-0.0,
Antonio Gibson,RB,NE,240.0,,2026-03-04,,,69.2,249.0,RB54,,RB109,239.5,-0.5,-9.0
Austin Hooper,TE,NE,240.0,,2026-03-04,,,110.0,189.0,TE24,,TE70,239.9,-0.1,51.0
Bam Knight,RB,,240.0,,2026-03-04,,,,,,,RB109,240.0,-0.0,
Beaux Collins,WR,,240.0,,2026-03-04,,,,,,,WR146,240.0,-0.0,
Caleb Douglas,WR,,240.0,,2026-03-04,,,,,,,WR144,240.0,-0.0,
Cam Akers,RB,,240.0,,2026-03-04,,,,,,,,240.0,-0.0,
Carson Beck,QB,,240.0,,2026-03-04,,,,,,,QB54,240.0,-0.0,
Carson Wentz,QB,,240.0,,2026-03-04,,,,,,,QB57,240.0,-0.0,
Charlie Kolar,TE,BAL,240.0,,2026-03-04,,,37.0,345.0,TE66,,,240.0,-0.0,-105.0
Chase Claypool,WR,,240.0,,2026-03-04,,,,,,,WR148,240.0,-0.0,
Chase Roberts,WR,,240.0,,2026-03-04,,,,,,,WR148,240.0,-0.0,
Chip Trayanum,RB,,240.0,,2026-03-04,,,,,,,RB107,240.0,-0.0,
Chris Hilton Jr.,WR,,240.0,,2026-03-04,,,,,,,WR137,240.0,-0.0,
Cole Payton,QB,,240.0,,2026-03-04,,,,,,,QB48,239.8,-0.2,
Dae'Quan Wright,TE,,240.0,,2026-03-04,,,,,,,TE66,240.0,-0.0,
Dallen Bentley,TE,,240.0,,2026-03-04,,,,,,,,240.0,-0.0,
Dameon Pierce,RB,HOU,240.0,,2026-03-04,,,19.4,392.0,RB103,,RB102,239.9,-0.1,-152.0
Damien Martinez,RB,,240.0,,2026-03-04,,,,,,,RB107,240.0,-0.0,
Dane Key,WR,,240.0,,2026-03-04,,,,,,,WR153,240.0,-0.0,
David Sills,WR,NYG,240.0,,2026-03-04,,,9.5,425.0,WR173,,WR148,240.0,-0.0,-185.0
Davis Mills,QB,,240.0,,2026-03-04,,,,,,,QB55,239.9,-0.1,
Dean Conners,RB,,240.0,,2026-03-04,,,,,,,,240.0,-0.0,
Desmond Reid,RB,,240.0,,2026-03-04,,,,,,,RB110,240.0,-0.0,
Devin Culp,TE,,240.0,,2026-03-04,,,,,,,TE57,240.0,-0.0,
Devin Singletary,RB,NYG,240.0,,2026-03-04,,,72.8,245.0,RB52,,RB95,239.9,-0.1,-5.0
Donovan Edwards,RB,,240.0,,2026-03-04,,,,,,,RB103,240.0,-0.0,
Drew Allar,QB,,240.0,,2026-03-04,,,,,,,QB49,240.0,-0.0,
Efton Chism,WR,,240.0,,2026-03-04,,,,,,,WR135,240.0,-0.0,
Elijah Higgins,TE,ARI,240.0,,2026-03-04,,,67.0,251.0,TE38,,TE67,239.9,-0.1,-11.0
Emari Demercado,RB,ARI,240.0,,2026-03-04,,,46.5,320.0,RB84,,RB109,240.0,-0.0,-80.0
Eric Rivers,WR,,240.0,,2026-03-04,,,,,,,WR152,240.0,-0.0,
Gardner Minshew II,QB,,240.0,,2026-03-04,,,,,,,,239.7,-0.3,
Garrett Nussmeier,QB,,240.0,,2026-03-04,,,,,,,QB49,240.0,-0.0,
Grant Calcaterra,TE,PHI,240.0,,2026-03-04,,,66.7,253.0,TE39,,TE63,240.0,-0.0,-13.0
Greg Dortch,WR,ARI,240.0,,2026-03-04,,,58.1,273.0,WR109,,WR152,240.0,-0.0,-33.0
Greg Dulcich,TE,,240.0,,2026-03-04,,,,,,,TE58,240.0,-0.0,
JP Richardson,WR,,240.0,,2026-03-04,,,,,,,WR162,240.0,-0.0,
Ja'Corey Brooks,WR,,240.0,,2026-03-04,,,,,,,WR149,240.0,-0.0,
Jack Endries,TE,,240.0,,2026-03-04,,,,,,,TE58,240.0,-0.0,
Jackson Hawes,TE,,240.0,,2026-03-04,,,,,,,TE65,240.0,-0.0,
Jacob Cowing,WR,,240.0,,2026-03-04,,,,,,,WR146,240.0,-0.0,
Jacob Saylors,RB,,240.0,,2026-03-04,,,,,,,,240.0,-0.0,
Jake Bobo,WR,SEA,240.0,,2026-03-04,,,32.1,353.0,WR135,,WR164,240.0,-0.0,-113.0
Jake Browning,QB,,240.0,,2026-03-04,,,,,,,QB61,240.0,-0.0,
Jalen Tolbert,WR,DAL,240.0,,2026-03-04,,,126.2,172.0,WR63,,WR152,240.0,-0.0,68.0
Jarrett Stidham,QB,,240.0,,2026-03-04,,,,,,,QB60,240.0,-0.0,
Jawhar Jordan,RB,,240.0,,2026-03-04,,,,,,,RB108,240.0,-0.0,
Jeremy McNichols,RB,WAS,240.0,,2026-03-04,,,24.9,376.0,RB100,,RB109,240.0,-0.0,-136.0
Jerome Ford,RB,CLE,240.0,,2026-03-04,,,148.5,139.0,RB31,,RB109,239.8,-0.2,101.0
Joe Milton,QB,,240.0,,2026-03-04,,,,,,,QB51,240.0,-0.0,
Joe Royer,TE,,240.0,,2026-03-04,,,,,,,TE65,240.0,-0.0,
John Metchie III,WR,HOU,240.0,,2026-03-04,,,84.1,225.0,WR92,,WR139,240.0,-0.0,15.0
John Michael Gyllenborg,TE,,240.0,,2026-03-04,,,,,,,TE57,240.0,-0.0,
Jordan Watkins,WR,,240.0,,2026-03-04,,,,,,,WR152,239.9,-0.1,
Jordan Whittington,WR,LA,240.0,,2026-03-04,,,111.3,185.0,WR71,,WR134,240.0,-0.0,55.0
Josh Cameron,WR,,240.0,,2026-03-04,,,,,,,WR152,240.0,-0.0,
Josh Oliver,TE,MIN,240.0,,2026-03-04,,,74.3,240.0,TE37,,TE53,240.0,-0.0,0.0
Josh Reynolds,WR,,240.0,,2026-03-04,,,,,,,WR149,240.0,-0.0,
Joshua Dobbs,QB,,240.0,,2026-03-04,,,,,,,QB60,240.0,-0.0,
JuJu Smith-Schuster,WR,KC,240.0,,2026-03-04,,,52.3,303.0,WR120,,WR134,240.0,-0.0,-63.0
Kalel Mullings,RB,,240.0,,2026-03-04,,,,,,,RB110,240.0,-0.0,
Kalif Raymond,WR,DET,240.0,,2026-03-04,,,56.4,284.0,WR116,,WR156,240.0,-0.0,-44.0
LaJohntay Wester,WR,,240.0,,2026-03-04,,,,,,,WR139,240.0,-0.0,
Lan Larison,RB,,240.0,,2026-03-04,,,,,,,RB110,240.0,-0.0,
Lewis Bond,WR,,240.0,,2026-03-04,,,,,,,WR144,239.9,-0.1,
Lil'Jordan Humphrey,WR,DEN,240.0,,2026-03-04,,,88.5,218.0,WR87,,WR152,240.0,-0.0,22.0
Luke Musgrave,TE,GB,240.0,,2026-03-04,,,25.2,375.0,TE78,,TE63,239.9,-0.1,-135.0
Malachi Corley,WR,,240.0,,2026-03-04,,,,,,,WR161,240.0,-0.0,
Malik Davis,RB,,240.0,,2026-03-04,,,,,,,RB100,239.9,-0.1,
Marlin Klein,TE,,240.0,,2026-03-04,,,,,,,TE57,239.9,-0.1,
Michael Carter,RB,,240.0,,2026-03-04,,,,,,,RB110,239.7,-0.3,
Mitch Tinsley,WR,,240.0,,2026-03-04,,,,,,,WR148,239.9,-0.1,
Mitchell Evans,TE,,240.0,,2026-03-04,,,,,,,TE66,239.9,-0.1,
Mitchell Trubisky,QB,BUF,240.0,,2026-03-04,,,27.7,368.0,QB58,,QB61,240.0,-0.0,-128.0
Nathan Carter,RB,,240.0,,2026-03-04,,,,,,,RB108,240.0,-0.0,
Noah Fant,TE,SEA,240.0,,2026-03-04,,,116.1,180.0,TE22,,TE62,240.0,-0.0,60.0
Noah Whittington,RB,,240.0,,2026-03-04,,,,,,,RB109,240.0,-0.0,
Olamide Zaccheaus,WR,WAS,240.0,,2026-03-04,,,86.6,220.0,WR88,,WR152,239.9,-0.1,20.0
Quinn Ewers,QB,,240.0,,2026-03-04,,,,,,,QB46,239.7,-0.3,
Raheem Mostert,RB,MIA,240.0,,2026-03-04,,,54.6,293.0,RB73,,RB108,240.0,-0.0,-53.0
Raheim Sanders,RB,,240.0,,2026-03-04,,,,,,,RB115,240.0,-0.0,
Reggie Virgil,WR,,240.0,,2026-03-04,,,,,,,WR157,240.0,-0.0,
Riley Leonard,QB,,240.0,,2026-03-04,,,,,,,QB54,240.0,-0.0,
Roschon Johnson,RB,CHI,240.0,,2026-03-04,,,73.8,243.0,RB50,,RB112,240.0,-0.0,-3.0
Samaje Perine,RB,KC,240.0,,2026-03-04,,,35.9,346.0,RB92,,RB118,239.6,-0.4,-106.0
Sawyer Robertson,QB,,240.0,,2026-03-04,,,,,,,QB55,240.0,-0.0,
Spencer Rattler,QB,NO,240.0,,2026-03-04,,,185.4,93.0,QB38,,QB54,239.8,-0.2,147.0
Sterling Shepard,WR,TB,240.0,,2026-03-04,,,58.0,275.0,WR112,,WR157,239.9,-0.1,-35.0
Tai Felton,WR,,240.0,,2026-03-04,,,,,,,WR140,240.0,-0.0,
Tanner Koziol,TE,,240.0,,2026-03-04,,,,,,,TE58,239.9,-0.1,
Tanner McKee,QB,,240.0,,2026-03-04,,,,,,,QB54,240.0,-0.0,
Taysom Hill,TE,NO,240.0,,2026-03-04,,,53.5,299.0,TE51,,TE63,239.9,-0.1,-59.0
Terion Stewart,RB,,240.0,,2026-03-04,,,,,,,RB113,240.0,-0.0,
Tim Patrick,WR,DET,240.0,,2026-03-04,,,59.0,270.0,WR108,,,240.0,-0.0,-30.0
Tommy Tremble,TE,CAR,240.0,,2026-03-04,,,90.4,215.0,TE33,,TE58,240.0,-0.0,25.0
Trinidad Chambliss,QB,,240.0,,2026-03-04,,,,,,,QB51,240.0,-0.0,
Tutu Atwell,WR,LA,240.0,,2026-03-04,,,85.0,224.0,WR91,,WR164,240.0,-0.0,16.0
Ty Montgomery,WR,NE,240.0,,2026-03-04,,,19.3,393.0,WR149,,WR146,240.0,-0.0,-153.0
Tyler Goodson,RB,,240.0,,2026-03-04,,,,,,,RB109,240.0,-0.0,
Tyler Huntley,QB,,240.0,,2026-03-04,,,,,,,QB52,240.0,-0.0,
Tyler Scott,WR,,240.0,,2026-03-04,,,,,,,WR148,240.0,-0.0,
Tyreik McAllister,WR,,240.0,,2026-03-04,,,,,,,WR153,240.0,-0.0,
Tyrell Shavers,WR,,240.0,,2026-03-04,,,,,,,WR135,240.0,-0.0,
Will Howard,QB,,240.0,,2026-03-04,,,,,,,QB54,239.6,-0.4,
Will Shipley,RB,,240.0,,2026-03-04,,,,,,,RB105,240.0,-0.0,
Xavier Hutchinson,WR,HOU,240.0,,2026-03-04,,,24.1,378.0,WR140,,WR152,240.0,-0.0,-138.0
Xavier Restrepo,WR,,240.0,,2026-03-04,,,,,,,WR144,240.0,-0.0,
Xavier Smith,WR,,240.0,,2026-03-04,,,,,,,,240.0,-0.0,
Zavier Scott,RB,,240.0,,2026-03-04,,,,,,,RB109,240.0,-0.0,
Zavion Thomas,WR,,240.0,,2026-03-04,,,,,,,WR139,240.0,-0.0,
Zay Jones,WR,ARI,240.0,,2026-03-04,,,20.7,390.0,WR147,,WR151,240.0,-0.0,-150.0
