player_name,position,pos_rank,adp,adp_prev,adp_change,snapshot_date,team,fpts_ppr,model_overall_rank,model_pos_rank_str,value_score
Bijan Robinson,RB,RB1,1.4,1.1,-0.3,2026-03-04,ATL,328.2,9.0,RB2,-7.6
Jahmyr Gibbs,RB,RB2,1.9,2.8,0.9,2026-03-04,DET,341.5,6.0,RB1,-4.1
Puka Nacua,WR,WR1,3.2,2.8,-0.4,2026-03-04,LA,268.1,30.0,WR9,-26.8
Ja'Marr Chase,WR,WR2,3.7,3.6,-0.1,2026-03-04,CIN,403.7,1.0,WR1,2.7
Jaxon Smith-Njigba,WR,WR3,5.2,5.2,-0.0,2026-03-04,SEA,207.4,77.0,WR29,-71.8
Jonathan Taylor,RB,RB3,6.5,6.6,0.1,2026-03-04,IND,256.1,35.0,RB7,-28.5
Christian McCaffrey,RB,RB4,7.3,7.4,0.1,2026-03-04,,,,,
CeeDee Lamb,WR,WR4,8.4,8.3,-0.1,2026-03-04,DAL,318.3,10.0,WR2,-1.6
Amon-Ra St. Brown,WR,WR5,8.8,8.9,0.1,2026-03-04,DET,271.2,27.0,WR6,-18.2
James Cook,RB,RB5,10.5,10.6,0.1,2026-03-04,BUF,245.6,43.0,RB9,-32.5
De'Von Achane,RB,RB6,11.3,11.4,0.1,2026-03-04,MIA,291.5,21.0,RB3,-9.7
Ashton Jeanty,RB,RB7,12.1,11.7,-0.4,2026-03-04,,,,,
Justin Jefferson,WR,WR6,13.2,13.8,0.6,2026-03-04,MIN,299.7,17.0,WR4,-3.8
Omarion Hampton,RB,RB8,15.0,15.3,0.3,2026-03-04,,,,,
Jeremiyah Love,RB,RB9,15.9,18.5,2.6,2026-03-04,,,,,
Trey McBride,TE,TE1,16.7,15.7,-1.0,2026-03-04,ARI,252.6,39.0,TE1,-22.3
Saquon Barkley,RB,RB10,17.2,17.5,0.3,2026-03-04,PHI,220.4,63.0,RB12,-45.8
Malik Nabers,WR,WR7,17.6,16.3,-1.3,2026-03-04,NYG,268.6,29.0,WR8,-11.4
Drake London,WR,WR8,18.1,17.1,-1.0,2026-03-04,ATL,257.9,34.0,WR11,-15.9
Derrick Henry,RB,RB11,20.5,21.3,0.8,2026-03-04,BAL,127.4,171.0,RB37,-150.5
Brock Bowers,TE,TE2,21.0,20.6,-0.4,2026-03-04,LV,230.5,56.0,TE2,-35.0
Chase Brown,RB,RB12,22.2,22.0,-0.2,2026-03-04,CIN,219.1,64.0,RB13,-41.8
George Pickens,WR,WR9,23.0,22.8,-0.2,2026-03-04,PIT,209.6,76.0,WR28,-53.0
Nico Collins,WR,WR10,23.2,23.3,0.1,2026-03-04,HOU,296.3,18.0,WR5,5.2
Chris Olave,WR,WR11,26.4,26.2,-0.2,2026-03-04,NO,148.4,141.0,WR47,-114.6
Josh Jacobs,RB,RB13,27.1,27.4,0.3,2026-03-04,GB,218.9,65.0,RB14,-37.9
Bucky Irving,RB,RB14,27.5,27.9,0.4,2026-03-04,TB,235.3,51.0,RB10,-23.5
Kenneth Walker III,RB,RB15,29.4,30.5,1.1,2026-03-04,SEA,291.5,20.0,RB3,9.4
Breece Hall,RB,RB16,30.0,29.3,-0.7,2026-03-04,NYJ,271.3,26.0,RB6,4.0
A.J. Brown,WR,WR12,30.5,32.3,1.8,2026-03-04,PHI,235.9,49.0,WR16,-18.5
Josh Allen,QB,QB1,30.7,30.5,-0.2,2026-03-04,BUF,392.4,2.0,QB1,28.7
Tetairoa McMillan,WR,WR12,30.8,31.4,0.6,2026-03-04,,,,,
Rashee Rice,WR,WR14,32.7,30.5,-2.2,2026-03-04,,,,,
Tee Higgins,WR,WR15,33.5,33.2,-0.3,2026-03-04,CIN,309.2,12.0,WR3,21.5
Kyren Williams,RB,RB17,33.7,33.9,0.2,2026-03-04,LA,272.0,25.0,RB5,8.7
Travis Etienne Jr.,RB,RB18,36.5,36.6,0.1,2026-03-04,,,,,
Ladd McConkey,WR,WR16,37.0,36.3,-0.7,2026-03-04,LAC,255.9,38.0,WR12,-1.0
Garrett Wilson,WR,WR17,38.3,38.4,0.1,2026-03-04,NYJ,211.6,73.0,WR27,-34.7
Jameson Williams,WR,WR18,40.7,40.4,-0.3,2026-03-04,DET,222.2,61.0,WR21,-20.3
Zay Flowers,WR,WR19,41.0,41.5,0.5,2026-03-04,BAL,216.7,67.0,WR23,-26.0
Davante Adams,WR,WR20,42.1,42.0,-0.1,2026-03-04,,,,,
DeVonta Smith,WR,WR21,43.1,44.0,0.9,2026-03-04,PHI,221.0,62.0,WR22,-18.9
Javonte Williams,RB,RB19,43.3,50.3,7.0,2026-03-04,DEN,145.4,146.0,RB34,-102.7
Colston Loveland,TE,TE3,44.2,43.3,-0.9,2026-03-04,,,,,
Emeka Egbuka,WR,WR22,44.8,45.2,0.4,2026-03-04,,,,,
Terry McLaurin,WR,WR23,46.0,46.8,0.8,2026-03-04,WAS,206.4,78.0,WR30,-32.0
TreVeyon Henderson,RB,RB21,47.5,46.9,-0.6,2026-03-04,,,,,
Cam Skattebo,RB,RB20,48.1,44.5,-3.6,2026-03-04,,,,,
Lamar Jackson,QB,QB2,48.7,47.8,-0.9,2026-03-04,BAL,378.9,3.0,QB2,45.7
Luther Burden,WR,WR24,48.9,48.7,-0.2,2026-03-04,,,,,
Jaylen Waddle,WR,WR25,51.0,51.4,0.4,2026-03-04,MIA,159.0,121.0,WR41,-70.0
RJ Harvey,RB,RB22,52.4,50.9,-1.5,2026-03-04,,,,,
Quinshon Judkins,RB,RB23,53.2,54.7,1.5,2026-03-04,,,,,
Carnell Tate,WR,WR26,53.7,53.8,0.1,2026-03-04,,,,,
Christian Watson,WR,WR27,56.3,56.2,-0.1,2026-03-04,GB,136.6,161.0,WR56,-104.7
Rome Odunze,WR,WR28,56.9,57.8,0.9,2026-03-04,CHI,140.6,155.0,WR52,-98.1
Makai Lemon,WR,WR29,58.5,57.6,-0.9,2026-03-04,,,,,
D'Andre Swift,RB,RB24,58.9,58.7,-0.2,2026-03-04,CHI,185.9,92.0,RB18,-33.1
Brian Thomas,WR,WR30,59.5,60.5,1.0,2026-03-04,,,,,
Jayden Daniels,QB,QB3,61.5,62.3,0.8,2026-03-04,WAS,362.3,4.0,QB3,57.5
Jordyn Tyson,WR,WR31,61.7,59.4,-2.3,2026-03-04,,,,,
Courtland Sutton,WR,WR32,62.6,62.7,0.1,2026-03-04,DEN,238.0,47.0,WR15,15.6
Marvin Harrison,WR,WR33,63.5,64.5,1.0,2026-03-04,,,,,
Joe Burrow,QB,QB4,64.0,64.2,0.2,2026-03-04,CIN,354.4,5.0,QB4,59.0
Mike Evans,WR,WR34,64.4,66.2,1.8,2026-03-04,TB,182.4,96.0,WR32,-31.6
Drake Maye,QB,QB5,66.9,62.8,-4.1,2026-03-04,NE,250.7,42.0,QB21,24.9
DK Metcalf,WR,WR35,67.1,67.5,0.4,2026-03-04,SEA,213.8,71.0,WR25,-3.9
Caleb Williams,QB,QB6,68.3,67.4,-0.9,2026-03-04,CHI,229.4,57.0,QB25,11.3
Tyler Warren,TE,TE4,69.3,68.2,-1.1,2026-03-04,,,,,
Jalen Hurts,QB,QB7,69.5,68.9,-0.6,2026-03-04,PHI,339.2,7.0,QB5,62.5
Jaylen Warren,RB,RB25,71.6,72.2,0.6,2026-03-04,PIT,141.8,154.0,RB35,-82.4
Parker Washington,WR,WR36,71.6,73.4,1.8,2026-03-04,JAX,88.8,217.0,WR86,-145.4
Rhamondre Stevenson,RB,RB26,75.1,72.9,-2.2,2026-03-04,NE,152.9,129.0,RB27,-53.9
Michael Wilson,WR,WR38,75.4,74.6,-0.8,2026-03-04,ARI,127.5,169.0,WR62,-93.6
Ricky Pearsall,WR,WR37,75.4,76.0,0.6,2026-03-04,SF,134.3,164.0,WR59,-88.6
Harold Fannin,TE,TE5,75.5,74.9,-0.6,2026-03-04,,,,,
Bhayshul Tuten,RB,RB27,75.9,76.4,0.5,2026-03-04,,,,,
Alec Pierce,WR,WR39,79.4,78.8,-0.6,2026-03-04,IND,138.1,159.0,WR55,-79.6
Justin Herbert,QB,QB8,80.3,79.3,-1.0,2026-03-04,LAC,281.8,23.0,QB14,57.3
Jaxson Dart,QB,QB9,81.4,80.1,-1.3,2026-03-04,,,,,
Dak Prescott,QB,QB10,81.9,82.8,0.9,2026-03-04,DAL,289.9,22.0,QB13,59.9
David Montgomery,RB,RB31,82.4,107.9,25.5,2026-03-04,DET,188.7,87.0,RB16,-4.6
Trevor Lawrence,QB,QB11,82.9,81.9,-1.0,2026-03-04,JAX,261.5,32.0,QB17,50.9
Tucker Kraft,TE,TE6,83.7,82.5,-1.2,2026-03-04,GB,142.8,151.0,TE15,-67.3
Jakobi Meyers,WR,WR40,85.4,84.4,-1.0,2026-03-04,LV,244.8,44.0,WR13,41.4
Kyle Monangai,RB,RB28,86.2,85.5,-0.7,2026-03-04,,,,,
Patrick Mahomes,QB,QB12,87.4,87.5,0.1,2026-03-04,KC,337.3,8.0,QB6,79.4
Quentin Johnston,WR,WR41,88.2,86.3,-1.9,2026-03-04,LAC,143.8,148.0,WR49,-59.8
Chuba Hubbard,RB,RB30,90.0,91.8,1.8,2026-03-04,CAR,255.9,36.0,RB8,54.0
Kyle Pitts,TE,TE7,90.1,89.4,-0.7,2026-03-04,ATL,108.1,194.0,TE25,-103.9
Tony Pollard,RB,RB29,90.2,88.7,-1.5,2026-03-04,TEN,196.0,83.0,RB15,7.2
Michael Pittman Jr.,WR,WR42,92.4,92.8,0.4,2026-03-04,,,,,
D.J. Moore,WR,WR43,93.6,95.2,1.6,2026-03-04,,,,,
Sam LaPorta,TE,TE8,94.1,92.4,-1.7,2026-03-04,DET,203.5,81.0,TE4,13.1
Jadarian Price,RB,RB32,96.8,98.2,1.4,2026-03-04,,,,,
Blake Corum,RB,RB33,97.0,95.0,-2.0,2026-03-04,LA,21.2,389.0,RB102,-292.0
Tyler Allgeier,RB,RB34,97.5,100.4,2.9,2026-03-04,ATL,107.5,195.0,RB40,-97.5
Brock Purdy,QB,QB13,97.6,97.5,-0.1,2026-03-04,SF,309.3,11.0,QB7,86.6
Stefon Diggs,WR,WR44,97.8,91.4,-6.4,2026-03-04,HOU,163.2,117.0,WR40,-19.2
Matthew Stafford,QB,QB14,99.6,98.3,-1.3,2026-03-04,LA,152.6,131.0,QB50,-31.4
Jordan Addison,WR,WR46,100.1,100.2,0.1,2026-03-04,MIN,234.7,52.0,WR18,48.1
Xavier Worthy,WR,WR45,100.2,97.0,-3.2,2026-03-04,KC,172.8,102.0,WR35,-1.8
Rico Dowdle,RB,RB35,102.3,102.3,-0.0,2026-03-04,DAL,159.9,120.0,RB24,-17.7
Bo Nix,QB,QB15,102.4,102.7,0.3,2026-03-04,DEN,308.4,14.0,QB9,88.4
Jared Goff,QB,QB16,104.3,103.6,-0.7,2026-03-04,DET,277.4,24.0,QB15,80.3
Oronde Gadsden,TE,TE9,105.4,104.6,-0.8,2026-03-04,,,,,
Jordan Love,QB,QB17,106.9,107.0,0.1,2026-03-04,GB,252.3,40.0,QB19,66.9
Baker Mayfield,QB,QB18,109.9,110.3,0.4,2026-03-04,TB,304.4,16.0,QB11,93.9
Dalton Kincaid,TE,TE10,110.5,109.3,-1.2,2026-03-04,BUF,140.4,156.0,TE17,-45.5
Denzel Boston,WR,WR47,110.6,106.9,-3.7,2026-03-04,,,,,
Wan'Dale Robinson,WR,WR48,110.8,110.2,-0.6,2026-03-04,NYG,214.1,70.0,WR24,40.8
Jauan Jennings,WR,WR49,112.5,112.3,-0.2,2026-03-04,SF,212.0,72.0,WR26,40.5
Chris Godwin,WR,WR50,113.2,114.2,1.0,2026-03-04,,,,,
Jayden Reed,WR,WR51,113.7,113.3,-0.4,2026-03-04,GB,153.2,127.0,WR43,-13.3
Jonah Coleman,RB,RB36,115.8,116.7,0.9,2026-03-04,,,,,
Khalil Shakir,WR,WR52,117.0,115.9,-1.1,2026-03-04,BUF,235.8,50.0,WR17,67.0
Tyler Shough,QB,QB19,117.8,118.1,0.3,2026-03-04,,,,,
Jalen Coker,WR,WR53,118.3,118.1,-0.2,2026-03-04,CAR,134.4,163.0,WR58,-44.7
George Kittle,TE,TE11,120.4,118.9,-1.5,2026-03-04,SF,209.8,75.0,TE3,45.4
Matthew Golden,WR,WR54,122.1,123.0,0.9,2026-03-04,,,,,
KC Concepcion,WR,WR55,122.9,126.0,3.1,2026-03-04,,,,,
Jacory Croskey-Merritt,RB,RB37,124.1,122.7,-1.4,2026-03-04,,,,,
Kenneth Gainwell,RB,RB39,125.0,126.8,1.8,2026-03-04,PHI,53.5,298.0,RB75,-173.0
Sam Darnold,QB,QB20,125.3,123.7,-1.6,2026-03-04,MIN,296.2,19.0,QB12,106.3
Jayden Higgins,WR,WR56,125.6,124.8,-0.8,2026-03-04,,,,,
Jake Ferguson,TE,TE12,127.2,126.0,-1.2,2026-03-04,DAL,143.3,149.0,TE14,-21.8
Kenyon Sadiq,TE,TE13,129.0,146.7,17.7,2026-03-04,,,,,
Malik Willis,QB,QB21,129.8,141.2,11.4,2026-03-04,GB,127.4,170.0,QB53,-40.2
Deebo Samuel,WR,WR57,130.3,128.7,-1.6,2026-03-04,,,,,
Woody Marks,RB,RB38,131.2,121.2,-10.0,2026-03-04,,,,,
Tyrone Tracy,RB,RB40,133.3,130.4,-2.9,2026-03-04,,,,,
Trey Benson,RB,RB41,133.7,137.0,3.3,2026-03-04,ARI,42.9,331.0,RB89,-197.3
Jordan Mason,RB,RB44,134.5,147.2,12.7,2026-03-04,SF,173.5,101.0,RB19,33.5
Fernando Mendoza,QB,QB22,135.5,133.6,-1.9,2026-03-04,,,,,
J.K. Dobbins,RB,RB42,135.9,134.7,-1.2,2026-03-04,LAC,225.8,59.0,RB11,76.9
Kyler Murray,QB,QB24,136.3,141.0,4.7,2026-03-04,ARI,308.9,13.0,QB8,123.3
Dallas Goedert,TE,TE14,136.5,131.5,-5.0,2026-03-04,PHI,151.6,134.0,TE11,2.5
Romeo Doubs,WR,WR58,137.0,137.9,0.9,2026-03-04,GB,158.7,122.0,WR42,15.0
C.J. Stroud,QB,QB23,137.3,134.9,-2.4,2026-03-04,HOU,255.9,37.0,QB18,100.3
Brenton Strange,TE,TE15,138.6,133.6,-5.0,2026-03-04,JAX,101.0,205.0,TE30,-66.4
Emmett Johnson,RB,RB43,138.6,128.0,-10.6,2026-03-04,,,,,
Rashid Shaheed,WR,WR59,141.0,140.6,-0.4,2026-03-04,NO,195.5,84.0,WR31,57.0
Bryce Young,QB,QB25,142.2,138.3,-3.9,2026-03-04,CAR,205.4,80.0,QB33,62.2
James Conner,RB,RB45,145.4,140.7,-4.7,2026-03-04,ARI,165.6,112.0,RB22,33.4
Brandon Aiyuk,WR,WR60,145.7,142.6,-3.1,2026-03-04,SF,144.5,147.0,WR48,-1.3
Cam Ward,QB,QB26,146.2,143.8,-2.4,2026-03-04,,,,,
Juwan Johnson,TE,TE16,147.0,146.0,-1.0,2026-03-04,NO,93.3,211.0,TE32,-64.0
Travis Hunter,WR,WR61,148.3,149.9,1.6,2026-03-04,,,,,
Alvin Kamara,RB,RB46,149.3,148.7,-0.6,2026-03-04,NO,171.5,104.0,RB20,45.3
Tyreek Hill,WR,WR61,149.3,145.6,-3.7,2026-03-04,MIA,165.0,113.0,WR39,36.3
Josh Downs,WR,WR63,151.7,152.9,1.2,2026-03-04,IND,239.9,46.0,WR14,105.7
Mark Andrews,TE,TE17,151.7,151.6,-0.1,2026-03-04,BAL,148.2,142.0,TE13,9.7
Daniel Jones,QB,QB27,154.1,155.4,1.3,2026-03-04,NYG,250.8,41.0,QB20,113.1
Jalen McMillan,WR,WR64,154.8,156.9,2.1,2026-03-04,TB,168.1,109.0,WR36,45.8
Rachaad White,RB,RB47,155.6,163.6,8.0,2026-03-04,TB,152.2,133.0,RB28,22.6
Hunter Henry,TE,TE18,157.4,154.4,-3.0,2026-03-04,NE,142.8,152.0,TE15,5.4
Kayshon Boutte,WR,WR65,158.9,151.2,-7.7,2026-03-04,NE,124.5,173.0,WR64,-14.1
Tyjae Spears,RB,RB48,159.6,158.2,-1.4,2026-03-04,TEN,148.7,138.0,RB30,21.6
Pat Bryant,WR,WR66,159.9,156.8,-3.1,2026-03-04,,,,,
Zach Charbonnet,RB,RB49,160.4,157.7,-2.7,2026-03-04,SEA,150.0,135.0,RB29,25.4
Mike Washington Jr.,RB,RB52,160.6,216.8,56.2,2026-03-04,,,,,
Jerry Jeudy,WR,WR67,161.0,159.9,-1.1,2026-03-04,CLE,232.4,55.0,WR20,106.0
Jonathon Brooks,RB,RB50,161.4,164.1,2.7,2026-03-04,,,,,
Travis Kelce,TE,TE19,161.7,161.8,0.1,2026-03-04,KC,170.7,107.0,TE9,54.7
Omar Cooper Jr.,WR,WR69,164.3,184.8,20.5,2026-03-04,,,,,
Troy Franklin,WR,WR68,165.1,163.8,-1.3,2026-03-04,DEN,69.3,248.0,WR103,-82.9
Sean Tucker,RB,RB51,165.9,167.1,1.2,2026-03-04,TB,63.0,260.0,RB60,-94.1
Aaron Jones,RB,RB53,168.7,163.0,-5.7,2026-03-04,MIN,110.1,188.0,RB39,-19.3
AJ Barner,TE,TE20,168.8,167.8,-1.0,2026-03-04,SEA,61.9,264.0,TE41,-95.2
Michael Penix,QB,QB28,171.5,169.2,-2.3,2026-03-04,,,,,
Calvin Ridley,WR,WR70,171.7,172.3,0.6,2026-03-04,TEN,131.1,165.0,WR60,6.7
Isaiah Likely,TE,TE21,172.0,173.5,1.5,2026-03-04,BAL,148.4,140.0,TE12,32.0
Braelon Allen,RB,RB54,173.4,162.2,-11.2,2026-03-04,NYJ,63.0,259.0,RB60,-85.6
Chimere Dike,WR,WR71,174.1,173.2,-0.9,2026-03-04,,,,,
Theo Johnson,TE,TE22,174.3,171.0,-3.3,2026-03-04,NYG,118.9,178.0,TE21,-3.7
Tank Dell,WR,WR72,176.0,175.1,-0.9,2026-03-04,HOU,178.4,98.0,WR34,78.0
Kimani Vidal,RB,RB55,176.6,176.5,-0.1,2026-03-04,LAC,56.2,286.0,RB70,-109.4
David Njoku,TE,TE23,178.3,177.6,-0.7,2026-03-04,CLE,187.2,90.0,TE6,88.3
Kaytron Allen,RB,RB56,178.3,174.7,-3.6,2026-03-04,,,,,
Tre' Harris,WR,WR73,179.4,181.4,2.0,2026-03-04,,,,,
Adonai Mitchell,WR,WR74,181.0,179.2,-1.8,2026-03-04,IND,62.2,263.0,WR106,-82.0
Dylan Sampson,RB,RB57,183.1,183.3,0.2,2026-03-04,,,,,
Elijah Sarratt,WR,WR75,183.3,178.2,-5.1,2026-03-04,,,,,
Terrance Ferguson,TE,TE24,184.4,188.8,4.4,2026-03-04,,,,,
Isaac TeSlaa,WR,WR76,185.4,183.5,-1.9,2026-03-04,,,,,
Tre Tucker,WR,WR77,185.9,184.4,-1.5,2026-03-04,LV,104.9,200.0,WR78,-14.1
Dalton Schultz,TE,TE25,186.7,186.2,-0.5,2026-03-04,HOU,137.0,160.0,TE18,26.7
Brian Robinson,RB,RB58,187.5,187.8,0.3,2026-03-04,WAS,156.3,124.0,RB25,63.5
T.J. Hockenson,TE,TE26,189.6,187.2,-2.4,2026-03-04,MIN,171.7,103.0,TE7,86.6
Tank Bigsby,RB,RB59,190.2,192.3,2.1,2026-03-04,JAX,146.7,143.0,RB32,47.2
Jacoby Brissett,QB,QB29,191.8,191.1,-0.7,2026-03-04,NE,164.6,116.0,QB45,75.8
Eli Stowers,TE,TE27,192.7,219.8,27.1,2026-03-04,,,,,
Tory Horton,WR,WR78,194.0,194.3,0.3,2026-03-04,,,,,
Nicholas Singleton,RB,RB60,194.3,192.1,-2.2,2026-03-04,,,,,
Zachariah Branch,WR,WR79,196.7,197.2,0.5,2026-03-04,,,,,
Elic Ayomanor,WR,WR80,198.4,195.5,-2.9,2026-03-04,,,,,
Keaton Mitchell,RB,RB62,198.8,198.2,-0.6,2026-03-04,,,,,
Joe Mixon,RB,RB61,199.7,181.5,-18.2,2026-03-04,HOU,187.7,89.0,RB17,110.7
Gunnar Helm,TE,TE28,201.4,199.6,-1.8,2026-03-04,,,,,
Keon Coleman,WR,WR81,201.5,201.7,0.2,2026-03-04,BUF,107.2,196.0,WR77,5.5
Ray Davis,RB,RB63,202.4,206.0,3.6,2026-03-04,BUF,80.9,229.0,RB46,-26.6
Colby Parkinson,TE,TE29,204.3,200.5,-3.8,2026-03-04,LA,54.6,292.0,TE48,-87.7
J.J. McCarthy,QB,QB30,204.6,189.0,-15.6,2026-03-04,,,,,
Mason Taylor,TE,TE30,205.8,203.6,-2.2,2026-03-04,,,,,
Chris Brazzell II,WR,WR82,207.1,215.9,8.8,2026-03-04,,,,,
Marvin Mims Jr.,WR,WR83,208.7,204.9,-3.8,2026-03-04,DEN,108.5,193.0,WR76,15.7
Ja'Kobi Lane,WR,WR85,210.3,214.5,4.2,2026-03-04,,,,,
Najee Harris,RB,RB65,210.4,222.8,12.4,2026-03-04,PIT,170.6,108.0,RB21,102.4
Shedeur Sanders,QB,QB31,211.2,201.8,-9.4,2026-03-04,,,,,
Ryan Flournoy,WR,WR84,211.6,206.9,-4.7,2026-03-04,DAL,61.3,266.0,WR107,-54.4
Emanuel Wilson,RB,RB64,212.0,204.3,-7.7,2026-03-04,GB,74.2,242.0,RB49,-30.0
Cade Otton,TE,TE31,214.1,211.4,-2.7,2026-03-04,TB,171.0,106.0,TE8,108.1
Kaleb Johnson,RB,RB66,214.1,209.8,-4.3,2026-03-04,,,,,
Aaron Rodgers,QB,QB32,214.8,211.8,-3.0,2026-03-04,NYJ,160.8,119.0,QB46,95.8
Demond Claiborne,RB,RB67,216.2,226.6,10.4,2026-03-04,,,,,
Darnell Mooney,WR,WR86,218.0,215.6,-2.4,2026-03-04,ATL,167.2,111.0,WR38,107.0
Cooper Kupp,WR,WR87,220.0,215.2,-4.8,2026-03-04,LA,152.8,130.0,WR44,90.0
Kyle Williams,WR,WR88,220.7,219.3,-1.4,2026-03-04,,,,,
Brashard Smith,RB,RB68,221.4,213.6,-7.8,2026-03-04,,,,,
Germie Bernard,WR,WR90,222.4,232.5,10.1,2026-03-04,,,,,
Pat Freiermuth,TE,TE33,222.4,219.9,-2.5,2026-03-04,PIT,130.9,166.0,TE19,56.4
Malik Washington,WR,WR89,222.8,221.3,-1.5,2026-03-04,MIA,85.8,222.0,WR90,0.8
Jake Tonges,TE,TE32,223.2,216.8,-6.4,2026-03-04,,,,,
Devin Neal,RB,RB69,224.3,227.7,3.4,2026-03-04,,,,,
Kirk Cousins,QB,QB33,226.2,227.3,1.1,2026-03-04,ATL,171.2,105.0,QB43,121.2
Keenan Allen,WR,WR92,227.0,228.7,1.7,2026-03-04,CHI,142.5,153.0,WR51,74.0
Devaughn Vele,WR,WR93,227.8,223.7,-4.1,2026-03-04,DEN,109.2,191.0,WR74,36.8
Malachi Fields,WR,WR91,228.6,224.0,-4.6,2026-03-04,,,,,
Ty Simpson,QB,QB34,229.3,232.2,2.9,2026-03-04,,,,,
Jaydon Blue,RB,RB70,229.6,223.2,-6.4,2026-03-04,,,,,
Chig Okonkwo,TE,TE34,230.4,231.0,0.6,2026-03-04,TEN,110.2,187.0,TE23,43.4
Ollie Gordon,RB,RB71,230.9,230.0,-0.9,2026-03-04,,,,,
Jaylin Noel,WR,WR94,231.2,228.5,-2.7,2026-03-04,,,,,
Chris Bell,WR,WR96,232.2,234.3,2.1,2026-03-04,,,,,
Rashod Bateman,WR,WR95,232.3,231.4,-0.9,2026-03-04,BAL,149.1,137.0,WR46,95.3
Jordan James,RB,RB72,233.8,233.0,-0.8,2026-03-04,,,,,
Geno Smith,QB,QB38,234.7,237.7,3.0,2026-03-04,SEA,225.1,60.0,QB27,174.7
Ted Hurst,WR,WR97,234.8,238.1,3.3,2026-03-04,,,,,
Adam Randall,RB,RB74,234.9,237.3,2.4,2026-03-04,,,,,
Anthony Richardson,QB,QB36,235.1,238.0,2.9,2026-03-04,IND,264.5,31.0,QB16,204.1
Chris Rodriguez,RB,RB73,235.2,234.9,-0.3,2026-03-04,,,,,
Tua Tagovailoa,QB,QB37,235.3,234.3,-1.0,2026-03-04,MIA,307.8,15.0,QB10,220.3
Mac Jones,QB,QB35,235.4,232.3,-3.1,2026-03-04,JAX,186.6,91.0,QB37,144.4
Isiah Pacheco,RB,RB75,235.5,233.6,-1.9,2026-03-04,KC,107.0,197.0,RB41,38.5
Mike Gesicki,TE,TE35,235.8,235.9,0.1,2026-03-04,CIN,124.2,174.0,TE20,61.8
Evan Engram,TE,TE36,236.1,235.7,-0.4,2026-03-04,JAX,165.0,114.0,TE10,122.1
Jack Bech,WR,WR98,236.3,235.8,-0.5,2026-03-04,,,,,
Isaiah Bond,WR,WR99,237.0,236.8,-0.2,2026-03-04,,,,,
Seth McGowan,RB,RB76,237.0,239.8,2.8,2026-03-04,,,,,
Tez Johnson,WR,WR100,237.0,237.5,0.5,2026-03-04,,,,,
LeQuint Allen,RB,RB76,237.5,237.5,-0.0,2026-03-04,,,,,
Xavier Legette,WR,WR101,237.5,237.5,-0.0,2026-03-04,CAR,152.6,132.0,WR45,105.5
Jalen Nailor,WR,WR104,237.7,238.8,1.1,2026-03-04,MIN,86.4,221.0,WR89,16.7
Bryce Lance,WR,WR103,237.9,240.0,2.1,2026-03-04,,,,,
Christian Kirk,WR,WR101,238.0,236.9,-1.1,2026-03-04,JAX,118.1,179.0,WR66,59.0
Darius Slayton,WR,WR106,238.1,238.2,0.1,2026-03-04,NYG,91.2,214.0,WR85,24.1
Ben Sinnott,TE,TE37,238.2,238.0,-0.2,2026-03-04,,,,,
Max Klare,TE,TE38,238.2,239.4,1.2,2026-03-04,,,,,
Skyler Bell,WR,WR108,238.4,239.7,1.3,2026-03-04,,,,,
Dontayvion Wicks,WR,WR107,238.5,238.4,-0.1,2026-03-04,GB,121.8,175.0,WR65,63.5
Antonio Williams,WR,WR104,238.6,239.5,0.9,2026-03-04,,,,,
Derek Carr,QB,QB39,238.6,239.0,0.4,2026-03-04,NO,215.5,69.0,QB30,169.6
DJ Giddens,RB,RB78,238.7,239.0,0.3,2026-03-04,,,,,
George Holani,RB,RB83,238.7,239.6,0.9,2026-03-04,,,,,
Ja'Tavion Sanders,TE,TE40,238.7,239.1,0.4,2026-03-04,CAR,46.2,321.0,TE56,-82.3
Elijah Arroyo,TE,TE39,238.9,238.6,-0.3,2026-03-04,,,,,
Deshaun Watson,QB,QB40,239.0,239.3,0.3,2026-03-04,CLE,233.0,53.0,QB24,186.0
Hollywood Brown,WR,WR109,239.0,238.3,-0.7,2026-03-04,,,,,
Jaylen Wright,RB,RB79,239.0,239.0,-0.0,2026-03-04,MIA,29.6,358.0,RB94,-119.0
Deion Burks,WR,WR110,239.2,240.0,0.8,2026-03-04,,,,,
Michael Trigg,TE,TE41,239.2,238.7,-0.5,2026-03-04,,,,,
Justin Joly,TE,TE42,239.3,238.8,-0.5,2026-03-04,,,,,
Michael Mayer,TE,TE44,239.3,238.7,-0.6,2026-03-04,LV,43.3,330.0,TE57,-90.7
Andrei Iosivas,WR,WR112,239.4,239.3,-0.1,2026-03-04,CIN,139.5,157.0,WR53,82.4
Darnell Washington,TE,TE43,239.4,239.7,0.3,2026-03-04,PIT,38.0,343.0,TE65,-103.6
MarShawn Lloyd,RB,RB82,239.4,239.6,0.2,2026-03-04,,,,,
Zach Ertz,TE,TE45,239.4,239.6,0.2,2026-03-04,WAS,96.9,207.0,TE31,32.4
Brenen Thompson,WR,WR110,239.5,239.9,0.4,2026-03-04,,,,,
Kareem Hunt,RB,RB81,239.5,239.3,-0.2,2026-03-04,KC,95.6,208.0,RB42,31.5
Luke McCaffrey,WR,WR114,239.5,239.7,0.2,2026-03-04,WAS,56.8,282.0,WR115,-42.5
Mack Hollins,WR,WR113,239.5,238.6,-0.9,2026-03-04,BUF,44.5,326.0,WR126,-86.5
Cole Kmet,TE,TE47,239.6,239.5,-0.1,2026-03-04,CHI,105.6,198.0,TE26,41.6
Dawson Knox,TE,TE46,239.6,239.5,-0.1,2026-03-04,BUF,61.4,265.0,TE42,-25.4
Eric McAlister,WR,WR117,239.6,239.7,0.1,2026-03-04,,,,,
Isaiah Davis,RB,RB80,239.6,237.8,-1.8,2026-03-04,,,,,
KeAndre Lambert-Smith,WR,WR116,239.6,239.8,0.2,2026-03-04,,,,,
Roman Hemby,RB,RB83,239.6,238.6,-1.0,2026-03-04,,,,,
Taylen Green,QB,QB42,239.6,239.9,0.3,2026-03-04,,,,,
Darren Waller,TE,TE48,239.7,239.7,-0.0,2026-03-04,NYG,12.3,408.0,TE86,-168.3
DeMario Douglas,WR,WR125,239.7,239.9,0.2,2026-03-04,NE,135.8,162.0,WR57,77.7
Devontez Walker,WR,WR115,239.7,239.6,-0.1,2026-03-04,,,,,
Jalen Royals,WR,WR118,239.7,239.5,-0.2,2026-03-04,,,,,
Jaylin Lane,WR,WR126,239.7,239.9,0.2,2026-03-04,,,,,
Joe Flacco,QB,QB43,239.7,240.0,0.3,2026-03-04,IND,164.9,115.0,QB44,124.7
Jonnu Smith,TE,TE50,239.7,239.9,0.2,2026-03-04,MIA,189.0,85.0,TE5,154.7
Justice Hill,RB,RB87,239.7,239.9,0.2,2026-03-04,BAL,73.4,244.0,RB51,-4.3
Justin Fields,QB,QB44,239.7,239.6,-0.1,2026-03-04,PIT,241.4,45.0,QB22,194.7
Ty Johnson,RB,RB86,239.7,239.8,0.1,2026-03-04,BUF,43.7,328.0,RB88,-88.3
Audric Estime,RB,RB89,239.8,239.7,-0.1,2026-03-04,,,,,
Blake Whiteheart,TE,TE51,239.8,239.8,-0.0,2026-03-04,CLE,31.8,354.0,TE69,-114.2
Calvin Austin III,WR,WR121,239.8,239.7,-0.1,2026-03-04,PIT,114.2,182.0,WR68,57.8
Cedric Tillman,WR,WR123,239.8,239.5,-0.3,2026-03-04,CLE,102.3,204.0,WR80,35.8
Colbie Young,WR,WR131,239.8,240.0,0.2,2026-03-04,,,,,
DeAndre Hopkins,WR,WR124,239.8,239.9,0.1,2026-03-04,KC,75.6,238.0,WR100,1.8
Duke Johnson,RB,RB90,239.8,239.8,-0.0,2026-03-04,,,,,
Jalen Milroe,QB,QB45,239.8,239.9,0.1,2026-03-04,,,,,
Jam Miller,RB,RB92,239.8,240.0,0.2,2026-03-04,,,,,
Jarquez Hunter,RB,RB99,239.8,239.9,0.1,2026-03-04,,,,,
Jaydn Ott,RB,RB88,239.8,239.6,-0.2,2026-03-04,,,,,
Kaelon Black,RB,RB90,239.8,239.3,-0.5,2026-03-04,,,,,
Kendre Miller,RB,RB91,239.8,239.7,-0.1,2026-03-04,,,,,
Le'Veon Moss,RB,RB85,239.8,239.8,-0.0,2026-03-04,,,,,
Max Brosmer,QB,QB49,239.8,239.8,-0.0,2026-03-04,,,,,
Nick Mullens,QB,QB48,239.8,239.8,-0.0,2026-03-04,,,,,
Odell Beckham Jr.,WR,WR121,239.8,239.8,-0.0,2026-03-04,MIA,27.3,369.0,WR139,-129.2
Sione Vaki,RB,RB103,239.8,240.0,0.2,2026-03-04,,,,,
Tahj Brooks,RB,RB97,239.8,239.7,-0.1,2026-03-04,,,,,
Tanner McLachlan,TE,,239.8,239.8,-0.0,2026-03-04,,,,,
Travis Homer,RB,RB98,239.8,239.9,0.1,2026-03-04,,,,,
Trevor Etienne,RB,RB92,239.8,239.9,0.1,2026-03-04,,,,,
Tyler Higbee,TE,TE50,239.8,239.6,-0.2,2026-03-04,,,,,
Tyquan Thornton,WR,WR121,239.8,239.8,-0.0,2026-03-04,,,,,
Tyson Bagent,QB,QB41,239.8,240.0,0.2,2026-03-04,,,,,
Austin Ekeler,RB,RB97,239.9,239.9,-0.0,2026-03-04,WAS,88.0,219.0,RB44,20.9
Brandin Cooks,WR,WR118,239.9,239.8,-0.1,2026-03-04,DAL,104.2,201.0,WR79,38.9
Cade Stover,TE,TE53,239.9,240.0,0.1,2026-03-04,HOU,39.5,338.0,TE62,-98.1
Darius Cooper,WR,WR135,239.9,240.0,0.1,2026-03-04,,,,,
De'Zhaun Stribling,WR,WR134,239.9,240.0,0.1,2026-03-04,,,,,
Demarcus Robinson,WR,WR129,239.9,240.0,0.1,2026-03-04,LA,77.8,234.0,WR98,5.9
Dont'e Thornton,WR,WR118,239.9,239.2,-0.7,2026-03-04,,,,,
Erick All,TE,TE52,239.9,239.9,-0.0,2026-03-04,CIN,80.5,230.0,TE35,9.9
Ezekiel Elliott,RB,RB109,239.9,239.9,-0.0,2026-03-04,DAL,37.8,344.0,RB91,-104.1
Hunter Luepke,RB,RB98,239.9,239.9,-0.0,2026-03-04,,,,,
Isaac Guerendo,RB,RB94,239.9,239.9,-0.0,2026-03-04,SF,66.5,254.0,RB57,-14.1
J'Mari Taylor,RB,RB106,239.9,239.5,-0.4,2026-03-04,,,,,
Ja'Lynn Polk,WR,WR139,239.9,239.9,-0.0,2026-03-04,NE,32.6,352.0,WR134,-112.1
Jahan Dotson,WR,WR129,239.9,239.9,-0.0,2026-03-04,PHI,41.0,334.0,WR129,-94.1
Jameis Winston,QB,QB51,239.9,239.9,-0.0,2026-03-04,CLE,188.2,88.0,QB36,151.9
Jeff Wilson Jr.,RB,RB96,239.9,239.9,-0.0,2026-03-04,,,,,
Jimmy Garoppolo,QB,QB46,239.9,239.9,-0.0,2026-03-04,,,,,
Jimmy Horn,WR,WR135,239.9,239.9,-0.0,2026-03-04,,,,,
Joshua Palmer,WR,WR144,239.9,240.0,0.1,2026-03-04,,,,,
KaVontae Turpin,WR,WR133,239.9,239.7,-0.2,2026-03-04,DAL,110.8,186.0,WR72,53.9
Kendrick Bourne,WR,WR128,239.9,239.9,-0.0,2026-03-04,NE,79.7,232.0,WR96,7.9
Kevin Coleman Jr.,WR,WR126,239.9,239.9,-0.0,2026-03-04,,,,,
Konata Mumpfield,WR,WR148,239.9,239.9,-0.0,2026-03-04,,,,,
Luke Schoonmaker,TE,TE58,239.9,240.0,0.1,2026-03-04,DAL,56.1,287.0,TE46,-47.1
Marcus Mariota,QB,QB46,239.9,239.5,-0.4,2026-03-04,,,,,
Marquez Valdes-Scantling,WR,WR124,239.9,239.9,-0.0,2026-03-04,,,,,
Mason Tipton,WR,WR128,239.9,240.0,0.1,2026-03-04,NO,42.4,333.0,WR128,-93.1
Michael Strachan,WR,WR126,239.9,239.9,-0.0,2026-03-04,,,,,
Nick Chubb,RB,RB102,239.9,239.8,-0.1,2026-03-04,CLE,71.2,246.0,RB53,-6.1
Noah Gray,TE,TE56,239.9,239.7,-0.2,2026-03-04,KC,105.3,199.0,TE27,40.9
Oscar Delp,TE,TE53,239.9,240.0,0.1,2026-03-04,,,,,
Phil Mafah,RB,RB103,239.9,240.0,0.1,2026-03-04,,,,,
Rahsul Faison,RB,RB100,239.9,240.0,0.1,2026-03-04,,,,,
Roman Wilson,WR,WR139,239.9,240.0,0.1,2026-03-04,,,,,
Rondale Moore,WR,WR139,239.9,239.9,-0.0,2026-03-04,ARI,10.0,416.0,WR165,-176.1
Ronnie Rivers,RB,RB104,239.9,239.9,-0.0,2026-03-04,,,,,
Sam Roush,TE,TE49,239.9,240.0,0.1,2026-03-04,,,,,
Savion Williams,WR,WR131,239.9,239.9,-0.0,2026-03-04,,,,,
Treylon Burks,WR,WR139,239.9,240.0,0.1,2026-03-04,,,,,
Tucker Fisk,TE,TE60,239.9,239.9,-0.0,2026-03-04,LAC,33.4,351.0,TE68,-111.1
Tyler Conklin,TE,TE54,239.9,239.9,-0.0,2026-03-04,NYJ,103.7,203.0,TE29,36.9
Aaron Anderson,WR,WR140,240.0,240.0,-0.0,2026-03-04,,,,,
Andrew Armstrong,WR,WR153,240.0,240.0,-0.0,2026-03-04,,,,,
Antonio Gibson,RB,RB109,240.0,239.5,-0.5,2026-03-04,NE,69.2,249.0,RB54,-9.0
Austin Hooper,TE,TE70,240.0,239.9,-0.1,2026-03-04,NE,110.0,189.0,TE24,51.0
Bam Knight,RB,RB109,240.0,240.0,-0.0,2026-03-04,,,,,
Beaux Collins,WR,WR146,240.0,240.0,-0.0,2026-03-04,,,,,
Caleb Douglas,WR,WR144,240.0,240.0,-0.0,2026-03-04,,,,,
Cam Akers,RB,,240.0,240.0,-0.0,2026-03-04,,,,,
Carson Beck,QB,QB54,240.0,240.0,-0.0,2026-03-04,,,,,
Carson Wentz,QB,QB57,240.0,240.0,-0.0,2026-03-04,,,,,
Charlie Kolar,TE,,240.0,240.0,-0.0,2026-03-04,BAL,37.0,345.0,TE66,-105.0
Chase Claypool,WR,WR148,240.0,240.0,-0.0,2026-03-04,,,,,
Chase Roberts,WR,WR148,240.0,240.0,-0.0,2026-03-04,,,,,
Chip Trayanum,RB,RB107,240.0,240.0,-0.0,2026-03-04,,,,,
Chris Hilton Jr.,WR,WR137,240.0,240.0,-0.0,2026-03-04,,,,,
Cole Payton,QB,QB48,240.0,239.8,-0.2,2026-03-04,,,,,
Dae'Quan Wright,TE,TE66,240.0,240.0,-0.0,2026-03-04,,,,,
Dallen Bentley,TE,,240.0,240.0,-0.0,2026-03-04,,,,,
Dameon Pierce,RB,RB102,240.0,239.9,-0.1,2026-03-04,HOU,19.4,392.0,RB103,-152.0
Damien Martinez,RB,RB107,240.0,240.0,-0.0,2026-03-04,,,,,
Dane Key,WR,WR153,240.0,240.0,-0.0,2026-03-04,,,,,
David Sills,WR,WR148,240.0,240.0,-0.0,2026-03-04,NYG,9.5,425.0,WR173,-185.0
Davis Mills,QB,QB55,240.0,239.9,-0.1,2026-03-04,,,,,
Dean Conners,RB,,240.0,240.0,-0.0,2026-03-04,,,,,
Desmond Reid,RB,RB110,240.0,240.0,-0.0,2026-03-04,,,,,
Devin Culp,TE,TE57,240.0,240.0,-0.0,2026-03-04,,,,,
Devin Singletary,RB,RB95,240.0,239.9,-0.1,2026-03-04,NYG,72.8,245.0,RB52,-5.0
Donovan Edwards,RB,RB103,240.0,240.0,-0.0,2026-03-04,,,,,
Drew Allar,QB,QB49,240.0,240.0,-0.0,2026-03-04,,,,,
Efton Chism,WR,WR135,240.0,240.0,-0.0,2026-03-04,,,,,
Elijah Higgins,TE,TE67,240.0,239.9,-0.1,2026-03-04,ARI,67.0,251.0,TE38,-11.0
Emari Demercado,RB,RB109,240.0,240.0,-0.0,2026-03-04,ARI,46.5,320.0,RB84,-80.0
Eric Rivers,WR,WR152,240.0,240.0,-0.0,2026-03-04,,,,,
Gardner Minshew II,QB,,240.0,239.7,-0.3,2026-03-04,,,,,
Garrett Nussmeier,QB,QB49,240.0,240.0,-0.0,2026-03-04,,,,,
Grant Calcaterra,TE,TE63,240.0,240.0,-0.0,2026-03-04,PHI,66.7,253.0,TE39,-13.0
Greg Dortch,WR,WR152,240.0,240.0,-0.0,2026-03-04,ARI,58.1,273.0,WR109,-33.0
Greg Dulcich,TE,TE58,240.0,240.0,-0.0,2026-03-04,,,,,
JP Richardson,WR,WR162,240.0,240.0,-0.0,2026-03-04,,,,,
Ja'Corey Brooks,WR,WR149,240.0,240.0,-0.0,2026-03-04,,,,,
Jack Endries,TE,TE58,240.0,240.0,-0.0,2026-03-04,,,,,
Jackson Hawes,TE,TE65,240.0,240.0,-0.0,2026-03-04,,,,,
Jacob Cowing,WR,WR146,240.0,240.0,-0.0,2026-03-04,,,,,
Jacob Saylors,RB,,240.0,240.0,-0.0,2026-03-04,,,,,
Jake Bobo,WR,WR164,240.0,240.0,-0.0,2026-03-04,SEA,32.1,353.0,WR135,-113.0
Jake Browning,QB,QB61,240.0,240.0,-0.0,2026-03-04,,,,,
Jalen Tolbert,WR,WR152,240.0,240.0,-0.0,2026-03-04,DAL,126.2,172.0,WR63,68.0
Jarrett Stidham,QB,QB60,240.0,240.0,-0.0,2026-03-04,,,,,
Jawhar Jordan,RB,RB108,240.0,240.0,-0.0,2026-03-04,,,,,
Jeremy McNichols,RB,RB109,240.0,240.0,-0.0,2026-03-04,WAS,24.9,376.0,RB100,-136.0
Jerome Ford,RB,RB109,240.0,239.8,-0.2,2026-03-04,CLE,148.5,139.0,RB31,101.0
Joe Milton,QB,QB51,240.0,240.0,-0.0,2026-03-04,,,,,
Joe Royer,TE,TE65,240.0,240.0,-0.0,2026-03-04,,,,,
John Metchie III,WR,WR139,240.0,240.0,-0.0,2026-03-04,HOU,84.1,225.0,WR92,15.0
John Michael Gyllenborg,TE,TE57,240.0,240.0,-0.0,2026-03-04,,,,,
Jordan Watkins,WR,WR152,240.0,239.9,-0.1,2026-03-04,,,,,
Jordan Whittington,WR,WR134,240.0,240.0,-0.0,2026-03-04,LA,111.3,185.0,WR71,55.0
Josh Cameron,WR,WR152,240.0,240.0,-0.0,2026-03-04,,,,,
Josh Oliver,TE,TE53,240.0,240.0,-0.0,2026-03-04,MIN,74.3,240.0,TE37,0.0
Josh Reynolds,WR,WR149,240.0,240.0,-0.0,2026-03-04,,,,,
Joshua Dobbs,QB,QB60,240.0,240.0,-0.0,2026-03-04,,,,,
JuJu Smith-Schuster,WR,WR134,240.0,240.0,-0.0,2026-03-04,KC,52.3,303.0,WR120,-63.0
Kalel Mullings,RB,RB110,240.0,240.0,-0.0,2026-03-04,,,,,
Kalif Raymond,WR,WR156,240.0,240.0,-0.0,2026-03-04,DET,56.4,284.0,WR116,-44.0
LaJohntay Wester,WR,WR139,240.0,240.0,-0.0,2026-03-04,,,,,
Lan Larison,RB,RB110,240.0,240.0,-0.0,2026-03-04,,,,,
Lewis Bond,WR,WR144,240.0,239.9,-0.1,2026-03-04,,,,,
Lil'Jordan Humphrey,WR,WR152,240.0,240.0,-0.0,2026-03-04,DEN,88.5,218.0,WR87,22.0
Luke Musgrave,TE,TE63,240.0,239.9,-0.1,2026-03-04,GB,25.2,375.0,TE78,-135.0
Malachi Corley,WR,WR161,240.0,240.0,-0.0,2026-03-04,,,,,
Malik Davis,RB,RB100,240.0,239.9,-0.1,2026-03-04,,,,,
Marlin Klein,TE,TE57,240.0,239.9,-0.1,2026-03-04,,,,,
Michael Carter,RB,RB110,240.0,239.7,-0.3,2026-03-04,,,,,
Mitch Tinsley,WR,WR148,240.0,239.9,-0.1,2026-03-04,,,,,
Mitchell Evans,TE,TE66,240.0,239.9,-0.1,2026-03-04,,,,,
Mitchell Trubisky,QB,QB61,240.0,240.0,-0.0,2026-03-04,BUF,27.7,368.0,QB58,-128.0
Nathan Carter,RB,RB108,240.0,240.0,-0.0,2026-03-04,,,,,
Noah Fant,TE,TE62,240.0,240.0,-0.0,2026-03-04,SEA,116.1,180.0,TE22,60.0
Noah Whittington,RB,RB109,240.0,240.0,-0.0,2026-03-04,,,,,
Olamide Zaccheaus,WR,WR152,240.0,239.9,-0.1,2026-03-04,WAS,86.6,220.0,WR88,20.0
Quinn Ewers,QB,QB46,240.0,239.7,-0.3,2026-03-04,,,,,
Raheem Mostert,RB,RB108,240.0,240.0,-0.0,2026-03-04,MIA,54.6,293.0,RB73,-53.0
Raheim Sanders,RB,RB115,240.0,240.0,-0.0,2026-03-04,,,,,
Reggie Virgil,WR,WR157,240.0,240.0,-0.0,2026-03-04,,,,,
Riley Leonard,QB,QB54,240.0,240.0,-0.0,2026-03-04,,,,,
Roschon Johnson,RB,RB112,240.0,240.0,-0.0,2026-03-04,CHI,73.8,243.0,RB50,-3.0
Samaje Perine,RB,RB118,240.0,239.6,-0.4,2026-03-04,KC,35.9,346.0,RB92,-106.0
Sawyer Robertson,QB,QB55,240.0,240.0,-0.0,2026-03-04,,,,,
Spencer Rattler,QB,QB54,240.0,239.8,-0.2,2026-03-04,NO,185.4,93.0,QB38,147.0
Sterling Shepard,WR,WR157,240.0,239.9,-0.1,2026-03-04,TB,58.0,275.0,WR112,-35.0
Tai Felton,WR,WR140,240.0,240.0,-0.0,2026-03-04,,,,,
Tanner Koziol,TE,TE58,240.0,239.9,-0.1,2026-03-04,,,,,
Tanner McKee,QB,QB54,240.0,240.0,-0.0,2026-03-04,,,,,
Taysom Hill,TE,TE63,240.0,239.9,-0.1,2026-03-04,NO,53.5,299.0,TE51,-59.0
Terion Stewart,RB,RB113,240.0,240.0,-0.0,2026-03-04,,,,,
Tim Patrick,WR,,240.0,240.0,-0.0,2026-03-04,DET,59.0,270.0,WR108,-30.0
Tommy Tremble,TE,TE58,240.0,240.0,-0.0,2026-03-04,CAR,90.4,215.0,TE33,25.0
Trinidad Chambliss,QB,QB51,240.0,240.0,-0.0,2026-03-04,,,,,
Tutu Atwell,WR,WR164,240.0,240.0,-0.0,2026-03-04,LA,85.0,224.0,WR91,16.0
Ty Montgomery,WR,WR146,240.0,240.0,-0.0,2026-03-04,NE,19.3,393.0,WR149,-153.0
Tyler Goodson,RB,RB109,240.0,240.0,-0.0,2026-03-04,,,,,
Tyler Huntley,QB,QB52,240.0,240.0,-0.0,2026-03-04,,,,,
Tyler Scott,WR,WR148,240.0,240.0,-0.0,2026-03-04,,,,,
Tyreik McAllister,WR,WR153,240.0,240.0,-0.0,2026-03-04,,,,,
Tyrell Shavers,WR,WR135,240.0,240.0,-0.0,2026-03-04,,,,,
Will Howard,QB,QB54,240.0,239.6,-0.4,2026-03-04,,,,,
Will Shipley,RB,RB105,240.0,240.0,-0.0,2026-03-04,,,,,
Xavier Hutchinson,WR,WR152,240.0,240.0,-0.0,2026-03-04,HOU,24.1,378.0,WR140,-138.0
Xavier Restrepo,WR,WR144,240.0,240.0,-0.0,2026-03-04,,,,,
Xavier Smith,WR,,240.0,240.0,-0.0,2026-03-04,,,,,
Zavier Scott,RB,RB109,240.0,240.0,-0.0,2026-03-04,,,,,
Zavion Thomas,WR,WR139,240.0,240.0,-0.0,2026-03-04,,,,,
Zay Jones,WR,WR151,240.0,240.0,-0.0,2026-03-04,ARI,20.7,390.0,WR147,-150.0
