player_id,player_name,position,team,season,adp,adp_stdev,adp_rank,round_drafted,fantasy_points_ppr,actual_rank,value_score,outcome
00-0033280,Christian McCaffrey,RB,CAR,2021,1.2,0.5,1,1,127.5,147,-146,Bust
00-0033893,Dalvin Cook,RB,MIN,2021,2.5,0.7,2,1,206.3,71,-69,Bust
00-0033906,Alvin Kamara,RB,NO,2021,3.8,1.0,4,1,234.7,51,-47,Bust
00-0032764,Derrick Henry,RB,TEN,2021,4.0,1.3,4,1,205.5,73,-69,Bust
00-0033045,Ezekiel Elliott,RB,DAL,2021,5.3,1.1,5,1,256.16,35,-30,Reach
00-0031381,Davante Adams,WR,GB,2021,6.4,1.6,6,1,362.3,12,-6,Reach
00-0030506,Travis Kelce,TE,KC,2021,8.2,2.1,8,1,337.78000000000003,17,-9,Reach
00-0033699,Austin Ekeler,RB,LAC,2021,8.5,2.0,8,1,343.8,14,-6,Reach
00-0034791,Nick Chubb,RB,CLE,2021,9.9,2.2,10,1,215.3,66,-56,Bust
00-0033040,Tyreek Hill,WR,KC,2021,10.6,2.2,11,1,365.8,11,0,Hit
00-0034844,Saquon Barkley,RB,NYG,2021,12.0,2.8,12,1,148.6,124,-112,Bust
00-0036893,Najee Harris,RB,PIT,2021,12.9,2.5,13,2,303.5,22,-9,Reach
00-0031588,Stefon Diggs,WR,BUF,2021,13.5,2.4,14,2,300.2,25,-11,Reach
00-0036223,Jonathan Taylor,RB,IND,2021,13.8,2.6,14,2,373.1,10,4,Hit
00-0036328,Antonio Gibson,RB,WAS,2021,15.6,2.3,16,2,229.1,55,-39,Bust
00-0030564,DeAndre Hopkins,WR,ARI,2021,17.0,2.3,17,2,147.20000000000002,126,-109,Bust
00-0034837,Calvin Ridley,WR,ATL,2021,18.0,2.1,18,2,71.10000000000001,238,-220,Bust
00-0033897,Joe Mixon,RB,CIN,2021,19.2,2.6,19,2,353.04,13,6,Hit
00-0035640,DK Metcalf,WR,SEA,2021,19.7,2.3,20,2,244.3,40,-20,Reach
00-0036360,Clyde Edwards-Helaire,RB,KC,2021,20.4,2.3,20,2,130.5,145,-125,Bust
00-0031610,Darren Waller,TE,LV,2021,21.5,3.3,22,2,148.10000000000002,125,-103,Bust
00-0036322,Justin Jefferson,WR,MIN,2021,22.4,1.9,22,2,330.4,18,4,Hit
00-0033873,Patrick Mahomes,QB,KC,2021,22.9,6.2,23,2,459.64,3,20,Hit
00-0035676,A.J. Brown,WR,TEN,2021,24.8,2.4,25,3,206.1,72,-47,Bust
00-0035685,David Montgomery,RB,CHI,2021,25.9,3.4,26,3,195.0,84,-58,Bust
00-0030279,Keenan Allen,WR,LAC,2021,25.9,2.6,26,3,257.8,34,-8,Reach
00-0033594,Chris Carson,RB,SEA,2021,28.0,3.2,28,3,48.1,300,-272,Bust
00-0033288,George Kittle,TE,SF,2021,28.5,3.6,28,3,221.8,61,-33,Reach
00-0035831,James Robinson,RB,JAX,2021,29.1,3.3,29,3,173.9,98,-69,Bust
00-0036358,CeeDee Lamb,WR,DAL,2021,29.6,2.8,30,3,236.4,50,-20,Reach
00-0035659,Terry McLaurin,WR,WAS,2021,30.3,2.8,30,3,213.5,68,-38,Bust
00-0031428,Allen Robinson,WR,CHI,2021,32.7,3.1,33,3,87.0,199,-166,Bust
00-0036275,D'Andre Swift,RB,DET,2021,34.0,4.1,34,3,208.9,69,-35,Reach
00-0034857,Josh Allen,QB,BUF,2021,34.4,4.6,34,3,479.46,2,32,Hit
00-0030431,Robert Woods,WR,LA,2021,35.1,3.1,35,3,137.2,139,-104,Bust
00-0035700,Josh Jacobs,RB,LV,2021,35.4,4.1,35,3,242.7,42,-7,Reach
00-0031408,Mike Evans,WR,TB,2021,37.8,3.3,38,4,315.1,20,18,Hit
00-0035243,Miles Sanders,RB,PHI,2021,38.7,4.4,39,4,123.0,152,-113,Bust
00-0031544,Amari Cooper,WR,DAL,2021,40.0,3.5,40,4,220.9,62,-22,Reach
00-0035228,Kyler Murray,QB,ARI,2021,41.3,4.3,41,4,303.86,21,20,Hit
00-0033908,Cooper Kupp,WR,LA,2021,41.3,3.4,41,4,554.8,1,40,Steal
00-0032063,Mike Davis,RB,ATL,2021,43.1,5.2,43,4,138.2,136,-93,Bust
00-0035216,Diontae Johnson,WR,PIT,2021,44.9,4.3,45,4,288.8,26,19,Hit
00-0035311,Myles Gaskin,RB,MIA,2021,45.7,4.8,46,4,173.6,99,-53,Bust
00-0027944,Julio Jones,WR,TEN,2021,46.0,4.6,46,4,92.6,190,-144,Bust
00-0033921,Chris Godwin Jr.,WR,TB,2021,47.2,5.0,47,4,242.4,43,4,Hit
00-0032211,Tyler Lockett,WR,SEA,2021,48.4,5.4,48,5,241.4,44,4,Hit
00-0034796,Lamar Jackson,QB,BAL,2021,50.9,6.7,51,5,239.98,46,5,Hit
00-0030035,Adam Thielen,WR,MIN,2021,52.3,4.9,52,5,199.8,77,-25,Reach
00-0036997,Javonte Williams,RB,DEN,2021,52.7,6.5,53,5,204.9,74,-21,Reach
00-0034753,Mark Andrews,TE,BAL,2021,52.8,5.9,53,5,301.1,23,30,Hit
00-0033923,Kareem Hunt,RB,CLE,2021,53.2,5.8,53,5,110.0,168,-115,Bust
00-0036261,Brandon Aiyuk,WR,SF,2021,53.9,4.5,54,5,192.8,87,-33,Reach
00-0035229,T.J. Hockenson,TE,DET,2021,55.4,4.8,55,5,145.3,130,-75,Bust
00-0035657,Damien Harris,RB,NE,2021,55.5,6.1,56,5,214.8,67,-11,Reach
00-0034827,DJ Moore,WR,CAR,2021,57.0,4.7,57,5,237.5,48,9,Hit
00-0023459,Aaron Rodgers,QB,GB,2021,59.0,6.6,59,5,342.3,15,44,Steal
00-0034681,Chase Edmonds,RB,ARI,2021,60.4,6.2,60,6,146.1,128,-68,Bust
00-0036326,Chase Claypool,WR,PIT,2021,61.1,4.8,61,6,172.1,100,-39,Bust
00-0036410,Tee Higgins,WR,CIN,2021,61.3,6.6,61,6,280.0,29,32,Hit
00-0031687,Raheem Mostert,RB,SF,2021,63.0,7.9,63,6,2.0,549,-486,Bust
00-0036407,Jerry Jeudy,WR,DEN,2021,64.1,5.2,64,6,85.0,207,-143,Bust
00-0033077,Dak Prescott,QB,DAL,2021,66.7,8.6,67,6,341.42,16,51,Steal
00-0036984,Trey Sermon,RB,SF,2021,67.7,5.9,68,6,28.3,357,-289,Bust
00-0031235,Odell Beckham Jr.,WR,CLE,2021,69.0,5.6,69,6,41.6,317,-248,Bust
00-0031235,Odell Beckham Jr.,WR,LA,2021,69.0,5.6,69,6,150.9,122,-53,Bust
00-0036355,Justin Herbert,QB,LAC,2021,69.3,7.4,69,6,382.76,7,62,Steal
00-0029263,Russell Wilson,QB,SEA,2021,69.4,7.0,69,6,242.82,41,28,Hit
00-0031260,Logan Thomas,TE,WAS,2021,72.2,6.8,72,7,53.6,276,-204,Bust
00-0027793,Antonio Brown,WR,TB,2021,72.7,6.3,73,7,121.1,158,-85,Bust
00-0032688,Robbie Chosen,WR,CAR,2021,75.0,5.8,75,7,138.5,134,-59,Bust
00-0032144,Melvin Gordon,RB,DEN,2021,75.2,6.6,75,7,195.1,83,-8,Reach
00-0036924,Michael Carter,RB,NYJ,2021,76.1,5.0,76,7,154.4,119,-43,Bust
00-0036900,Ja'Marr Chase,WR,CIN,2021,77.4,5.8,77,7,375.6,9,68,Steal
00-0036912,DeVonta Smith,WR,PHI,2021,77.6,6.2,78,7,197.6,80,-2,Reach
00-0019596,Tom Brady,QB,TB,2021,77.8,7.9,78,7,406.74,5,73,Steal
00-0035644,Noah Fant,TE,DEN,2021,79.2,7.8,79,7,159.0,111,-32,Reach
00-0034816,Ronald Jones,RB,TB,2021,79.8,5.8,80,7,79.2,223,-143,Bust
00-0033857,JuJu Smith-Schuster,WR,PIT,2021,82.5,6.8,82,7,42.4,314,-232,Bust
00-0033932,Kenny Golladay,WR,NYG,2021,82.8,6.8,83,7,89.10000000000001,196,-113,Bust
00-0036251,Zack Moss,RB,BUF,2021,83.8,7.1,84,7,105.2,175,-91,Bust
00-0026498,Matthew Stafford,QB,LA,2021,85.0,10.7,85,8,423.46,4,81,Steal
00-0034348,Courtland Sutton,WR,DEN,2021,85.7,7.1,86,8,150.24,123,-37,Bust
00-0036268,Laviska Shenault Jr.,WR,JAX,2021,85.9,6.2,86,8,127.0,148,-62,Bust
00-0033757,Robert Tonyan,TE,GB,2021,87.2,11.5,87,8,50.4,289,-202,Bust
00-0033871,Corey Davis,WR,NYJ,2021,89.6,7.1,90,8,105.2,175,-85,Bust
00-0035719,Deebo Samuel Sr.,WR,SF,2021,89.8,6.9,90,8,390.06,6,84,Steal
00-0033856,Leonard Fournette,RB,TB,2021,90.1,7.3,90,8,287.3,27,63,Steal
00-0036219,Marquez Callaway,WR,NO,2021,90.5,8.9,90,8,151.8,121,-31,Reach
00-0035250,Devin Singletary,RB,BUF,2021,91.2,9.2,91,8,237.3,49,42,Steal
00-0033948,Jamaal Williams,RB,DET,2021,92.0,7.5,92,8,119.8,160,-68,Bust
00-0034845,Sony Michel,RB,LA,2021,93.4,9.9,93,8,156.5,117,-24,Reach
00-0034351,Dallas Goedert,TE,PHI,2021,93.9,10.1,94,8,180.2,92,2,Hit
00-0033110,Tyler Higbee,TE,LA,2021,95.8,9.7,96,8,167.5,104,-8,Reach
00-0029701,Ryan Tannehill,QB,TEN,2021,96.1,9.6,96,9,280.36,28,68,Steal
00-0033553,James Conner,RB,ARI,2021,96.2,8.2,96,9,267.1,32,64,Steal
00-0033009,Tyler Boyd,WR,CIN,2021,97.3,8.6,97,9,216.14,65,32,Hit
00-0036613,Jaylen Waddle,WR,MIA,2021,99.2,7.8,99,9,247.8,38,61,Steal
00-0035140,Mecole Hardman,WR,KC,2021,100.0,7.0,100,9,178.5,95,5,Hit
00-0036389,Jalen Hurts,QB,PHI,2021,100.2,10.2,100,9,328.38,19,81,Steal
00-0035261,Tony Pollard,RB,DAL,2021,102.7,7.4,103,9,167.20000000000002,105,-2,Reach
00-0031236,Brandin Cooks,WR,HOU,2021,102.9,9.9,103,9,231.8,54,49,Steal
00-0033118,Kenyan Drake,RB,LV,2021,102.9,8.2,103,9,102.5,182,-79,Bust
00-0034972,Alexander Mattison,RB,MIN,2021,106.5,9.5,106,9,125.9,150,-44,Bust
00-0034109,Phillip Lindsay,RB,HOU,2021,107.5,7.1,108,9,31.7,347,-239,Bust
00-0034109,Phillip Lindsay,RB,MIA,2021,107.5,7.1,108,9,13.7,430,-322,Bust
00-0036309,Darnell Mooney,WR,CHI,2021,109.0,7.0,109,10,219.7,63,46,Steal
00-0036442,Joe Burrow,QB,CIN,2021,112.4,8.7,112,10,379.54,8,104,Steal
00-0034777,DJ Chark,WR,JAX,2021,112.8,7.9,113,10,34.400000000000006,336,-223,Bust
00-0034829,Mike Gesicki,TE,MIA,2021,114.3,16.4,114,10,165.0,107,7,Hit
00-0032187,David Johnson,RB,HOU,2021,115.0,9.6,115,10,81.3,218,-103,Bust
00-0034960,Jakobi Meyers,WR,NE,2021,116.2,9.9,116,10,196.3,82,34,Hit
00-0033536,Mike Williams,WR,LAC,2021,116.2,7.7,116,10,246.6,39,77,Steal
00-0032602,J.D. McKissic,RB,WAS,2021,116.8,10.4,117,10,127.9,146,-29,Reach
00-0031382,Jarvis Landry,WR,CLE,2021,118.2,9.0,118,10,133.0,141,-23,Reach
00-0037012,Trey Lance,QB,SF,2021,118.2,9.8,118,10,64.92,251,-133,Bust
00-0034367,Nyheim Hines,RB,IND,2021,120.6,11.9,121,11,116.6,165,-44,Bust
00-0030456,Giovani Bernard,RB,TB,2021,120.9,10.3,121,11,78.4,227,-106,Bust
00-0036875,Rhamondre Stevenson,RB,NE,2021,121.3,12.2,121,11,124.9,151,-30,Reach
00-0036357,Henry Ruggs III,WR,LV,2021,123.9,11.0,124,11,84.5,209,-85,Bust
00-0036945,Justin Fields,QB,CHI,2021,125.6,12.0,126,11,126.8,149,-23,Reach
00-0036555,Chuba Hubbard,RB,CAR,2021,127.6,10.5,128,11,137.6,138,-10,Reach
00-0031062,James White,RB,NE,2021,128.8,18.9,129,11,31.200000000000003,348,-219,Bust
00-0033127,Will Fuller,WR,MIA,2021,129.2,11.0,129,11,8.6,467,-338,Bust
00-0026143,Matt Ryan,QB,ATL,2021,129.8,14.2,130,11,222.92,59,71,Steal
00-0030513,Latavius Murray,RB,BAL,2021,130.6,14.0,131,11,103.6,179,-48,Bust
00-0033858,Jonnu Smith,TE,NE,2021,130.7,15.6,131,11,67.4,248,-117,Bust
00-0036980,Elijah Moore,WR,NYJ,2021,132.6,10.0,133,12,138.2,136,-3,Reach
00-0034855,Baker Mayfield,QB,CLE,2021,134.3,13.7,134,12,179.8,94,40,Steal
00-0034764,Michael Gallup,WR,DAL,2021,135.4,11.0,135,12,91.5,193,-58,Bust
00-0031503,Jameis Winston,QB,NO,2021,137.3,11.8,137,12,117.4,163,-26,Reach
00-0034750,Rashaad Penny,RB,SEA,2021,137.9,12.0,138,12,121.7,155,-17,Reach
00-0032058,Tevin Coleman,RB,NYJ,2021,139.0,17.2,139,12,51.5,283,-144,Bust
00-0033282,Curtis Samuel,WR,WAS,2021,140.2,12.9,140,12,9.8,456,-316,Bust
00-0035662,Marquise Brown,WR,BAL,2021,140.9,14.9,141,12,226.3,57,84,Steal
00-0027656,Rob Gronkowski,TE,TB,2021,142.8,22.8,143,12,197.8,79,64,Steal
00-0022924,Ben Roethlisberger,QB,PIT,2021,143.2,15.3,143,12,234.6,52,91,Steal
00-0036196,Gabe Davis,WR,BUF,2021,144.3,24.2,144,13,190.1,89,55,Steal
00-0036971,Trevor Lawrence,QB,JAX,2021,144.7,14.7,145,13,199.04,78,67,Steal
00-0030874,Damien Williams,RB,CHI,2021,146.0,23.8,146,13,60.7,261,-115,Bust
00-0036936,Rondale Moore,WR,ARI,2021,146.4,16.1,146,13,119.3,161,-15,Reach
00-0036365,Bryan Edwards,WR,LV,2021,148.2,20.3,148,13,116.2,166,-18,Reach
00-0036955,Terrace Marshall Jr.,WR,CAR,2021,149.0,16.4,149,13,32.800000000000004,342,-193,Bust
00-0037013,Zach Wilson,QB,NYJ,2021,149.1,24.8,149,13,151.86,120,29,Hit
00-0033090,Hunter Henry,TE,NE,2021,149.7,22.3,150,13,168.3,102,48,Steal
00-0034301,Darrel Williams,RB,KC,2021,150.3,15.6,150,13,196.4,81,69,Steal
00-0033881,Evan Engram,TE,NYG,2021,150.9,24.2,151,13,102.5,182,-31,Reach
00-0029000,Cole Beasley,WR,BUF,2021,150.9,16.4,151,13,174.2,97,54,Steal
00-0036422,Adam Trautman,TE,NO,2021,151.9,20.2,152,13,63.3,256,-104,Bust
00-0027966,Mark Ingram,RB,HOU,2021,154.2,17.2,154,13,44.8,306,-152,Bust
00-0027966,Mark Ingram,RB,NO,2021,154.2,17.2,154,13,63.8,255,-101,Bust
00-0034440,Justin Jackson,RB,LAC,2021,154.6,26.7,155,13,86.20000000000002,205,-50,Bust
00-0036919,Kenneth Gainwell,RB,PHI,2021,154.8,14.0,155,13,139.9,133,22,Hit
00-0027061,Jared Cook,TE,LAC,2021,155.0,19.2,155,13,132.4,142,13,Hit
00-0032972,Devontae Booker,RB,NYG,2021,155.5,16.0,156,13,144.10000000000002,131,25,Hit
00-0027942,A.J. Green,WR,ARI,2021,156.6,20.9,157,14,156.8,116,41,Steal
00-0033895,Gerald Everett,TE,SEA,2021,156.6,18.5,157,14,117.8,162,-5,Reach
00-0030061,Zach Ertz,TE,ARI,2021,157.1,28.8,157,14,136.9,140,17,Hit
00-0030061,Zach Ertz,TE,PHI,2021,157.1,28.8,157,14,48.900000000000006,297,-140,Bust
00-0036894,Pat Freiermuth,TE,PIT,2021,157.3,23.8,157,14,158.2,113,44,Steal
00-0036972,Mac Jones,QB,NE,2021,157.4,24.5,157,14,240.02,45,112,Steal
00-0036963,Amon-Ra St. Brown,WR,DET,2021,158.5,14.7,158,14,227.3,56,102,Steal
00-0035860,Tony Jones,RB,NO,2021,158.8,17.6,159,14,22.1,377,-218,Bust
00-0033951,Marlon Mack,RB,IND,2021,158.8,16.4,159,14,12.9,434,-275,Bust
00-0028002,Randall Cobb,WR,GB,2021,159.7,18.2,160,14,95.6,187,-27,Reach
00-0031376,Jerick McKinnon,RB,KC,2021,159.7,21.7,160,14,87.4,198,-38,Bust
00-0032160,Tyrell Williams,WR,DET,2021,160.0,21.3,160,14,3.4000000000000004,528,-368,Bust
00-0036212,Tua Tagovailoa,QB,MIA,2021,160.6,20.0,161,14,180.92,91,70,Steal
00-0029604,Kirk Cousins,QB,MIN,2021,160.9,17.8,161,14,300.34000000000003,24,137,Steal
00-0031806,Malcolm Brown,RB,MIA,2021,161.7,16.1,162,14,22.5,375,-213,Bust
00-0031547,DeVante Parker,WR,MIA,2021,162.3,14.0,162,14,103.5,180,-18,Reach
00-0023682,Ryan Fitzpatrick,QB,WAS,2021,163.3,19.0,163,14,0.72,576,-413,Bust
00-0032950,Carson Wentz,QB,IND,2021,167.1,11.8,167,14,258.02000000000004,33,134,Steal
00-0031549,Nelson Agholor,WR,NE,2021,170.7,25.1,171,15,106.2,174,-3,Reach
00-0034272,Marquez Valdes-Scantling,WR,GB,2021,170.9,23.5,171,15,87.0,199,-28,Reach
00-0031045,Carlos Hyde,RB,JAX,2021,172.7,14.7,173,15,45.8,304,-131,Bust
00-0036223,Jonathan Taylor,RB,IND,2022,1.3,0.6,1,1,146.4,125,-124,Bust
00-0033280,Christian McCaffrey,RB,CAR,2022,2.4,0.9,2,1,118.0,146,-144,Bust
00-0033280,Christian McCaffrey,RB,SF,2022,2.4,0.9,2,1,298.26,20,-18,Reach
00-0033699,Austin Ekeler,RB,LAC,2022,2.7,0.9,3,1,391.0,6,-3,Reach
00-0032764,Derrick Henry,RB,TEN,2022,4.3,1.4,4,1,302.76,19,-15,Reach
00-0036322,Justin Jefferson,WR,MIN,2022,4.6,1.4,5,1,380.28,7,-2,Reach
00-0033908,Cooper Kupp,WR,LA,2022,5.7,1.8,6,1,201.4,67,-61,Bust
00-0036893,Najee Harris,RB,PIT,2022,7.1,2.1,7,1,223.46,55,-48,Bust
00-0033893,Dalvin Cook,RB,MIN,2022,7.5,1.7,8,1,250.8,35,-27,Reach
00-0036900,Ja'Marr Chase,WR,CIN,2022,8.7,1.8,9,1,296.7,22,-13,Reach
00-0033897,Joe Mixon,RB,CIN,2022,10.1,1.8,10,1,274.8,29,-19,Reach
00-0033906,Alvin Kamara,RB,NO,2022,10.9,2.0,11,1,211.7,60,-49,Bust
00-0031381,Davante Adams,WR,LV,2022,12.0,2.5,12,1,335.5,11,1,Hit
00-0036275,D'Andre Swift,RB,DET,2022,12.8,2.4,13,2,191.1,76,-63,Bust
00-0031588,Stefon Diggs,WR,BUF,2022,13.6,2.0,14,2,342.5,9,5,Hit
00-0034844,Saquon Barkley,RB,NYG,2022,15.5,2.3,16,2,322.1,16,0,Hit
00-0030506,Travis Kelce,TE,KC,2022,16.5,3.2,16,2,393.0,5,11,Hit
00-0036358,CeeDee Lamb,WR,DAL,2022,17.5,2.6,18,2,340.70000000000005,10,8,Hit
00-0034791,Nick Chubb,RB,CLE,2022,18.8,2.9,19,2,281.4,28,-9,Reach
00-0035719,Deebo Samuel Sr.,WR,SF,2022,19.6,2.9,20,2,209.9,62,-42,Bust
00-0036997,Javonte Williams,RB,DEN,2022,20.2,3.3,20,2,42.0,303,-283,Bust
00-0034857,Josh Allen,QB,BUF,2022,20.4,5.3,20,2,434.76,3,17,Hit
00-0033856,Leonard Fournette,RB,TB,2022,21.9,3.0,22,2,228.8,52,-30,Reach
00-0033040,Tyreek Hill,WR,MIA,2022,22.7,3.4,23,2,357.6,8,15,Hit
00-0034753,Mark Andrews,TE,BAL,2022,25.5,3.8,26,3,202.8,66,-40,Bust
00-0031408,Mike Evans,WR,TB,2022,26.5,3.2,26,3,240.8,44,-18,Reach
00-0033045,Ezekiel Elliott,RB,DAL,2022,27.7,3.7,28,3,195.7,74,-46,Bust
00-0033553,James Conner,RB,ARI,2022,28.4,3.3,28,3,200.2,70,-42,Bust
00-0030279,Keenan Allen,WR,LAC,2022,29.5,3.3,30,3,176.10000000000002,88,-58,Bust
00-0035676,A.J. Brown,WR,PHI,2022,30.4,3.6,30,3,333.2,12,18,Hit
00-0036410,Tee Higgins,WR,CIN,2022,32.5,3.5,32,3,256.7,34,-2,Reach
00-0036414,Cam Akers,RB,LA,2022,33.1,4.6,33,3,141.3,130,-97,Bust
00-0036355,Justin Herbert,QB,LAC,2022,33.2,4.3,33,3,297.38,21,12,Hit
00-0034827,DJ Moore,WR,CAR,2022,35.9,3.1,36,3,199.1,71,-35,Reach
00-0035659,Terry McLaurin,WR,WAS,2022,38.0,3.6,38,4,229.0,51,-13,Reach
00-0033873,Patrick Mahomes,QB,KC,2022,38.3,7.7,38,4,477.52,1,37,Steal
00-0036158,J.K. Dobbins,RB,BAL,2022,38.8,3.9,39,4,101.7,173,-134,Bust
00-0035685,David Montgomery,RB,CHI,2022,39.3,4.7,39,4,177.70000000000002,84,-45,Bust
00-0033536,Mike Williams,WR,LAC,2022,39.6,4.0,40,4,176.5,86,-46,Bust
00-0036567,Elijah Mitchell,RB,SF,2022,42.4,5.2,42,4,59.4,256,-214,Bust
00-0035216,Diontae Johnson,WR,PIT,2022,43.4,4.3,43,4,180.7,82,-39,Bust
00-0033288,George Kittle,TE,SF,2022,44.2,5.4,44,4,229.3,50,-6,Reach
00-0038120,Breece Hall,RB,NYJ,2022,44.4,4.7,44,4,115.1,158,-114,Bust
00-0034348,Courtland Sutton,WR,DEN,2022,45.3,5.3,45,4,159.4,107,-62,Bust
00-0036442,Joe Burrow,QB,CIN,2022,46.1,6.3,46,4,406.54,4,42,Steal
00-0035700,Josh Jacobs,RB,LV,2022,46.8,5.9,47,4,328.3,14,33,Hit
00-0036613,Jaylen Waddle,WR,MIA,2022,47.7,5.5,48,4,267.40000000000003,31,17,Hit
00-0031610,Darren Waller,TE,LV,2022,50.4,6.4,50,5,84.8,209,-159,Bust
00-0034796,Lamar Jackson,QB,BAL,2022,51.3,6.3,51,5,236.08,46,5,Hit
00-0035640,DK Metcalf,WR,SEA,2022,51.4,5.4,51,5,262.4,33,18,Hit
00-0032765,Michael Thomas,WR,NO,2022,52.3,5.3,52,5,51.1,278,-226,Bust
00-0031428,Allen Robinson,WR,LA,2022,53.5,5.9,54,5,84.9,208,-154,Bust
00-0036360,Clyde Edwards-Helaire,RB,KC,2022,54.3,4.8,54,5,98.3,178,-124,Bust
00-0036389,Jalen Hurts,QB,PHI,2022,56.3,6.3,56,5,457.5,2,54,Steal
00-0033921,Chris Godwin Jr.,WR,TB,2022,56.5,5.5,56,5,241.3,43,13,Hit
00-0031236,Brandin Cooks,WR,HOU,2022,56.7,5.6,57,5,145.6,127,-70,Bust
00-0035657,Damien Harris,RB,NE,2022,59.8,6.3,60,5,90.9,189,-129,Bust
00-0035228,Kyler Murray,QB,ARI,2022,61.6,5.9,62,6,200.52,68,-6,Reach
00-0036407,Jerry Jeudy,WR,DEN,2022,61.7,6.0,62,6,204.2,64,-2,Reach
00-0035243,Miles Sanders,RB,PHI,2022,61.7,5.6,62,6,244.8,41,21,Hit
00-0034383,Dalton Schultz,TE,DAL,2022,62.6,7.4,63,6,184.9,78,-15,Reach
00-0036196,Gabe Davis,WR,BUF,2022,62.9,7.0,63,6,200.3,69,-6,Reach
00-0034750,Rashaad Penny,RB,SEA,2022,63.3,6.4,63,6,52.2,273,-210,Bust
00-0030035,Adam Thielen,WR,MIN,2022,63.8,5.3,64,6,188.0,77,-13,Reach
00-0036309,Darnell Mooney,WR,CHI,2022,68.1,5.4,68,6,101.5,175,-107,Bust
00-0035662,Marquise Brown,WR,ARI,2022,68.7,6.7,69,6,156.0,111,-42,Bust
00-0033923,Kareem Hunt,RB,CLE,2022,68.9,7.0,69,6,126.8,138,-69,Bust
00-0034681,Chase Edmonds,RB,DEN,2022,69.6,7.9,70,6,24.6,366,-296,Bust
00-0034681,Chase Edmonds,RB,MIA,2022,69.6,7.9,70,6,49.6,281,-211,Bust
00-0037258,Dameon Pierce,RB,HOU,2022,70.5,10.7,70,6,166.4,99,-29,Reach
00-0035261,Tony Pollard,RB,DAL,2022,70.8,6.7,71,6,266.0,32,39,Steal
00-0034983,Hunter Renfrow,WR,LV,2022,71.2,7.4,71,6,79.0,216,-145,Bust
00-0029263,Russell Wilson,QB,DEN,2022,72.5,8.0,72,7,225.76,54,18,Hit
00-0036963,Amon-Ra St. Brown,WR,DET,2022,73.4,7.7,73,7,267.6,30,43,Steal
00-0035250,Devin Singletary,RB,BUF,2022,74.4,7.2,74,7,193.9,75,-1,Reach
00-0034351,Dallas Goedert,TE,PHI,2022,75.2,8.0,75,7,177.3,85,-10,Reach
00-0033857,JuJu Smith-Schuster,WR,KC,2022,75.9,7.3,76,7,204.2,64,12,Hit
00-0036875,Rhamondre Stevenson,RB,NE,2022,76.0,7.9,76,7,249.1,37,39,Steal
00-0023459,Aaron Rodgers,QB,GB,2022,80.2,9.6,80,7,239.2,45,35,Hit
00-0036550,Rashod Bateman,WR,BAL,2022,81.0,7.1,81,7,53.5,269,-188,Bust
00-0033077,Dak Prescott,QB,DAL,2022,83.6,7.6,84,7,245.64,40,44,Steal
00-0031544,Amari Cooper,WR,CLE,2022,84.2,7.1,84,8,246.0,39,45,Steal
00-0032144,Melvin Gordon,RB,DEN,2022,85.4,6.2,85,8,87.1,198,-113,Bust
00-0036912,DeVonta Smith,WR,PHI,2022,86.6,6.2,87,8,295.3,24,63,Steal
00-0019596,Tom Brady,QB,TB,2022,86.8,8.6,87,8,293.7,25,62,Steal
00-0036980,Elijah Moore,WR,NYJ,2022,87.9,6.4,88,8,88.1,195,-107,Bust
00-0030061,Zach Ertz,TE,ARI,2022,89.0,9.9,89,8,115.6,157,-68,Bust
00-0034521,Allen Lazard,WR,GB,2022,89.5,8.1,90,8,174.8,89,1,Hit
00-0030564,DeAndre Hopkins,WR,ARI,2022,90.0,8.1,90,8,151.7,119,-29,Reach
00-0036261,Brandon Aiyuk,WR,SF,2022,90.0,6.1,90,8,244.7,42,48,Steal
00-0026498,Matthew Stafford,QB,LA,2022,90.3,7.8,90,8,108.38,166,-76,Bust
00-0030578,Cordarrelle Patterson,RB,ATL,2022,91.4,7.2,91,8,154.70000000000002,113,-22,Reach
00-0037248,James Cook,RB,BUF,2022,92.0,7.8,92,8,116.9,151,-59,Bust
00-0038134,Kenneth Walker III,RB,SEA,2022,92.9,8.3,93,8,216.1,58,35,Hit
00-0034367,Nyheim Hines,RB,BUF,2022,93.9,8.3,94,8,31.1,340,-246,Bust
00-0034367,Nyheim Hines,RB,IND,2022,93.9,8.3,94,8,53.400000000000006,270,-176,Bust
00-0034775,Christian Kirk,WR,JAX,2022,96.2,7.1,96,9,285.7,26,70,Steal
00-0037012,Trey Lance,QB,SF,2022,97.7,10.3,98,9,12.46,432,-334,Bust
00-0036894,Pat Freiermuth,TE,PIT,2022,100.0,10.6,100,9,148.2,123,-23,Reach
00-0035831,James Robinson,RB,JAX,2022,101.5,9.3,102,9,71.6,235,-133,Bust
00-0035831,James Robinson,RB,NYJ,2022,101.5,9.3,102,9,17.0,408,-306,Bust
00-0031687,Raheem Mostert,RB,MIA,2022,101.9,8.6,102,9,168.3,95,7,Hit
00-0037238,Drake London,WR,ATL,2022,102.2,9.4,102,9,178.6,83,19,Hit
00-0030431,Robert Woods,WR,TEN,2022,102.5,8.4,102,9,117.7,150,-48,Bust
00-0036913,Kadarius Toney,WR,KC,2022,102.7,8.1,103,9,74.4,225,-122,Bust
00-0036913,Kadarius Toney,WR,NYG,2022,102.7,8.1,103,9,4.300000000000001,520,-417,Bust
00-0031280,Derek Carr,QB,LV,2022,103.1,8.6,103,9,219.08,56,47,Steal
00-0036290,Cole Kmet,TE,CHI,2022,103.6,11.4,104,9,147.29999999999998,124,-20,Reach
00-0036919,Kenneth Gainwell,RB,PHI,2022,105.8,8.2,106,9,124.5,142,-36,Bust
00-0037263,Tyler Allgeier,RB,ATL,2022,107.6,8.0,108,9,159.4,107,1,Hit
00-0029604,Kirk Cousins,QB,MIN,2022,108.6,10.1,109,10,317.4,18,91,Steal
00-0032602,J.D. McKissic,RB,WAS,2022,110.2,7.9,110,10,55.8,264,-154,Bust
00-0037239,Chris Olave,WR,NO,2022,110.4,7.3,110,10,198.2,72,38,Steal
00-0035689,Dawson Knox,TE,BUF,2022,111.5,15.2,112,10,158.2,109,3,Hit
00-0032211,Tyler Lockett,WR,SEA,2022,112.5,7.7,112,10,249.2,36,76,Steal
00-0036924,Michael Carter,RB,NYJ,2022,113.3,7.9,113,10,126.0,140,-27,Reach
00-0036328,Antonio Gibson,RB,WAS,2022,114.7,14.3,115,10,165.9,100,15,Hit
00-0037197,Isiah Pacheco,RB,KC,2022,118.0,9.0,118,10,173.20000000000002,92,26,Hit
00-0038090,Skyy Moore,WR,KC,2022,118.1,9.4,118,10,62.8,247,-129,Bust
00-0034764,Michael Gallup,WR,DAL,2022,118.2,9.7,118,10,121.0,145,-27,Reach
00-0035229,T.J. Hockenson,TE,DET,2022,120.2,17.2,120,11,85.50000000000001,207,-87,Bust
00-0035229,T.J. Hockenson,TE,MIN,2022,120.2,17.2,120,11,152.8,116,4,Hit
00-0027944,Julio Jones,WR,TB,2022,120.9,11.5,121,11,90.8,190,-69,Bust
00-0036212,Tua Tagovailoa,QB,MIA,2022,121.2,10.6,121,11,230.92,49,72,Steal
00-0033948,Jamaal Williams,RB,DET,2022,121.7,10.1,122,11,225.9,53,69,Steal
00-0033009,Tyler Boyd,WR,CIN,2022,123.0,10.8,123,11,182.02,80,43,Steal
00-0037256,Rachaad White,RB,TB,2022,123.3,9.6,123,11,152.8,116,7,Hit
00-0037247,George Pickens,WR,PIT,2022,123.6,12.7,124,11,166.5,98,26,Hit
00-0034972,Alexander Mattison,RB,MIN,2022,128.9,11.3,129,11,89.60000000000001,193,-64,Bust
00-0034272,Marquez Valdes-Scantling,WR,KC,2022,129.0,10.9,129,11,153.60000000000002,115,14,Hit
00-0037742,Treylon Burks,WR,TEN,2022,129.3,10.4,129,11,88.1,195,-66,Bust
00-0038040,Zamir White,RB,LV,2022,130.5,7.5,130,11,7.000000000000001,487,-357,Bust
00-0026143,Matt Ryan,QB,IND,2022,132.9,12.0,133,12,155.28,112,21,Hit
00-0036326,Chase Claypool,WR,CHI,2022,133.7,10.6,134,12,26.4,358,-224,Bust
00-0036326,Chase Claypool,WR,PIT,2022,133.7,10.6,134,12,78.64,218,-84,Bust
00-0037816,Romeo Doubs,WR,GB,2022,134.1,11.4,134,12,101.6,174,-40,Bust
00-0033090,Hunter Henry,TE,NE,2022,134.1,16.7,134,12,103.9,169,-35,Reach
00-0031547,DeVante Parker,WR,NE,2022,134.9,10.1,135,12,102.9,171,-36,Bust
00-0036945,Justin Fields,QB,CHI,2022,138.0,15.7,138,12,295.98,23,115,Steal
00-0036936,Rondale Moore,WR,ARI,2022,142.5,8.1,142,12,87.9,197,-55,Bust
00-0036971,Trevor Lawrence,QB,JAX,2022,142.9,13.4,143,12,331.22,13,130,Steal
00-0033757,Robert Tonyan,TE,GB,2022,147.9,17.9,148,13,112.0,164,-16,Reach
00-0031503,Jameis Winston,QB,NO,2022,150.1,17.4,150,13,43.92,296,-146,Bust
00-0033466,Isaiah McKenzie,WR,BUF,2022,152.6,16.4,153,13,122.8,143,10,Hit
00-0036554,Nico Collins,WR,HOU,2022,153.8,14.2,154,13,97.1,184,-30,Reach
00-0036322,Justin Jefferson,WR,MIN,2023,1.4,0.6,1,1,204.2,77,-76,Bust
00-0033280,Christian McCaffrey,RB,SF,2023,2.4,1.0,2,1,480.3,1,1,Hit
00-0036900,Ja'Marr Chase,WR,CIN,2023,2.4,0.8,2,1,262.72,38,-36,Bust
00-0033040,Tyreek Hill,WR,MIA,2023,4.4,1.2,4,1,393.6,4,0,Hit
00-0033699,Austin Ekeler,RB,LAC,2023,5.0,1.5,5,1,185.4,90,-85,Bust
00-0030506,Travis Kelce,TE,KC,2023,5.9,1.9,6,1,305.4,17,-11,Reach
00-0033908,Cooper Kupp,WR,LA,2023,7.0,2.0,7,1,172.1,102,-95,Bust
00-0031588,Stefon Diggs,WR,BUF,2023,8.5,1.7,8,1,291.8,21,-13,Reach
00-0038542,Bijan Robinson,RB,ATL,2023,8.8,2.7,9,1,246.3,47,-38,Bust
00-0034844,Saquon Barkley,RB,NYG,2023,9.0,2.1,9,1,223.2,65,-56,Bust
00-0036358,CeeDee Lamb,WR,DAL,2023,11.0,2.1,11,1,425.7000000000001,3,8,Hit
00-0035676,A.J. Brown,WR,PHI,2023,12.5,2.4,12,2,289.6,23,-11,Reach
00-0034791,Nick Chubb,RB,CLE,2023,12.5,2.9,12,2,23.1,365,-353,Bust
00-0036963,Amon-Ra St. Brown,WR,DET,2023,13.2,2.6,13,2,386.5,5,8,Hit
00-0035261,Tony Pollard,RB,DAL,2023,15.2,2.7,15,2,244.1,48,-33,Reach
00-0037740,Garrett Wilson,WR,NYJ,2023,15.6,2.8,16,2,213.2,74,-58,Bust
00-0031381,Davante Adams,WR,LV,2023,15.6,2.6,16,2,265.40000000000003,36,-20,Reach
00-0032764,Derrick Henry,RB,TEN,2023,17.9,2.8,18,2,246.66000000000005,46,-28,Reach
00-0033873,Patrick Mahomes,QB,KC,2023,19.6,5.2,20,2,358.36,9,11,Hit
00-0036613,Jaylen Waddle,WR,MIA,2023,19.9,2.3,20,2,204.6,76,-56,Bust
00-0037239,Chris Olave,WR,NO,2023,20.4,2.4,20,2,231.3,55,-35,Reach
00-0035700,Josh Jacobs,RB,LV,2023,21.9,3.3,22,2,181.1,96,-74,Bust
00-0036912,DeVonta Smith,WR,PHI,2023,23.3,2.9,23,2,250.4,44,-21,Reach
00-0036875,Rhamondre Stevenson,RB,NE,2023,23.4,3.3,23,2,145.70000000000002,123,-100,Bust
00-0036223,Jonathan Taylor,RB,IND,2023,25.9,4.3,26,3,156.4,111,-85,Bust
00-0034857,Josh Allen,QB,BUF,2023,26.6,4.3,27,3,458.8,2,25,Hit
00-0036410,Tee Higgins,WR,CIN,2023,26.6,3.2,27,3,137.6,131,-104,Bust
00-0036389,Jalen Hurts,QB,PHI,2023,26.9,4.1,27,3,371.32,8,19,Hit
00-0034753,Mark Andrews,TE,BAL,2023,28.9,4.2,29,3,138.9,130,-101,Bust
00-0034837,Calvin Ridley,WR,JAX,2023,29.2,4.4,29,3,229.9,59,-30,Reach
00-0030279,Keenan Allen,WR,LAC,2023,29.2,3.6,29,3,278.86,30,-1,Reach
00-0036893,Najee Harris,RB,PIT,2023,30.4,4.7,30,3,202.7,80,-50,Bust
00-0035640,DK Metcalf,WR,SEA,2023,30.8,4.0,31,3,225.4,63,-32,Reach
00-0033897,Joe Mixon,RB,CIN,2023,31.4,4.4,31,3,267.0,34,-3,Reach
00-0031544,Amari Cooper,WR,CLE,2023,35.4,4.0,35,3,236.9,50,-15,Reach
00-0038120,Breece Hall,RB,NYJ,2023,36.6,4.5,37,4,290.5,22,15,Hit
00-0039139,Jahmyr Gibbs,RB,DET,2023,36.7,5.5,37,4,292.90000000000003,20,17,Hit
00-0034796,Lamar Jackson,QB,BAL,2023,36.9,4.7,37,4,385.88,6,31,Hit
00-0035719,Deebo Samuel Sr.,WR,SF,2023,37.2,4.4,37,4,272.8,31,6,Hit
00-0030564,DeAndre Hopkins,WR,TEN,2023,41.4,4.9,41,4,223.6,64,-23,Reach
00-0036442,Joe Burrow,QB,CIN,2023,43.2,6.1,43,4,147.16,121,-78,Bust
00-0037238,Drake London,WR,ATL,2023,44.1,4.8,44,4,174.38,101,-57,Bust
00-0035229,T.J. Hockenson,TE,MIN,2023,44.2,5.4,44,4,219.0,68,-24,Reach
00-0034827,DJ Moore,WR,CHI,2023,44.7,4.5,45,4,286.5,24,21,Hit
00-0036407,Jerry Jeudy,WR,DEN,2023,44.8,4.7,45,4,141.8,128,-83,Bust
00-0038134,Kenneth Walker III,RB,SEA,2023,47.9,5.8,48,4,199.4,83,-35,Reach
00-0038124,Christian Watson,WR,GB,2023,48.6,5.2,49,5,105.3,172,-123,Bust
00-0036945,Justin Fields,QB,CHI,2023,48.8,6.3,49,5,230.18,58,-9,Reach
00-0033921,Chris Godwin Jr.,WR,TB,2023,49.3,4.8,49,5,231.7,54,-5,Reach
00-0035659,Terry McLaurin,WR,WAS,2023,49.7,5.2,50,5,203.2,79,-29,Reach
00-0036355,Justin Herbert,QB,LAC,2023,50.3,5.9,50,5,234.16,52,-2,Reach
00-0035243,Miles Sanders,RB,CAR,2023,52.9,5.8,53,5,87.60000000000001,197,-144,Bust
00-0035216,Diontae Johnson,WR,PIT,2023,53.4,5.2,53,5,167.5,105,-52,Bust
00-0036158,J.K. Dobbins,RB,BAL,2023,55.1,7.0,55,5,11.7,426,-371,Bust
00-0033288,George Kittle,TE,SF,2023,55.7,6.5,56,5,228.4,60,-4,Reach
00-0032211,Tyler Lockett,WR,SEA,2023,55.7,5.2,56,5,202.4,81,-25,Reach
00-0034972,Alexander Mattison,RB,MIN,2023,56.9,7.4,57,5,133.20000000000002,136,-79,Bust
00-0037258,Dameon Pierce,RB,HOU,2023,57.0,8.3,57,5,82.7,206,-149,Bust
00-0036261,Brandon Aiyuk,WR,SF,2023,57.0,5.7,57,5,279.1,29,28,Hit
00-0036971,Trevor Lawrence,QB,JAX,2023,58.4,5.8,58,5,262.54,39,19,Hit
00-0034775,Christian Kirk,WR,JAX,2023,60.3,5.8,60,6,150.26,117,-57,Bust
00-0031610,Darren Waller,TE,NYG,2023,60.3,8.5,60,6,113.2,160,-100,Bust
00-0036414,Cam Akers,RB,LA,2023,63.1,7.3,63,6,8.9,445,-382,Bust
00-0036414,Cam Akers,RB,MIN,2023,63.1,7.3,63,6,37.8,310,-247,Bust
00-0033536,Mike Williams,WR,LAC,2023,63.3,6.4,63,6,50.2,270,-207,Bust
00-0033553,James Conner,RB,ARI,2023,66.2,6.0,66,6,201.5,82,-16,Reach
00-0031408,Mike Evans,WR,TB,2023,67.6,6.0,68,6,319.0,15,53,Steal
00-0037256,Rachaad White,RB,TB,2023,68.1,6.3,68,6,295.5,18,50,Steal
00-0033906,Alvin Kamara,RB,NO,2023,69.2,7.5,69,6,233.0,53,16,Hit
00-0034351,Dallas Goedert,TE,PHI,2023,69.7,6.8,70,6,148.4,120,-50,Bust
00-0037247,George Pickens,WR,PIT,2023,70.0,7.6,70,6,218.3,70,0,Hit
00-0035662,Marquise Brown,WR,ARI,2023,72.5,5.7,72,7,134.70000000000002,135,-63,Bust
00-0036997,Javonte Williams,RB,DEN,2023,72.8,7.2,73,7,179.2,98,-25,Reach
00-0037741,Jahan Dotson,WR,WAS,2023,73.1,6.8,73,7,124.8,144,-71,Bust
00-0036275,D'Andre Swift,RB,PHI,2023,75.9,6.8,76,7,209.9,75,1,Hit
00-0033537,Deshaun Watson,QB,CLE,2023,76.2,8.0,76,7,86.8,199,-123,Bust
00-0035685,David Montgomery,RB,DET,2023,76.8,6.0,77,7,248.0,45,32,Hit
00-0037248,James Cook,RB,BUF,2023,77.6,7.2,78,7,257.3,41,37,Steal
00-0038994,Jordan Addison,WR,MIN,2023,78.4,6.4,78,7,221.3,66,12,Hit
00-0037197,Isiah Pacheco,RB,KC,2023,79.2,6.9,79,7,279.2,28,51,Steal
00-0033077,Dak Prescott,QB,DAL,2023,82.2,9.1,82,7,373.46,7,75,Steal
00-0038543,Jaxon Smith-Njigba,WR,SEA,2023,83.0,6.8,83,7,149.8,118,-35,Reach
00-0036212,Tua Tagovailoa,QB,MIA,2023,84.9,10.5,85,8,284.82,25,60,Steal
00-0031236,Brandin Cooks,WR,DAL,2023,85.1,6.7,85,8,184.5,91,-6,Reach
00-0034348,Courtland Sutton,WR,DEN,2023,87.0,6.5,87,8,190.2,89,-2,Reach
00-0033881,Evan Engram,TE,JAX,2023,87.9,8.8,88,8,230.3,57,31,Hit
00-0037742,Treylon Burks,WR,TEN,2023,88.7,7.2,89,8,39.9,303,-214,Bust
00-0036328,Antonio Gibson,RB,WAS,2023,88.9,5.3,89,8,127.4,139,-50,Bust
00-0036196,Gabe Davis,WR,BUF,2023,89.5,6.7,90,8,161.4,107,-17,Reach
00-0032765,Michael Thomas,WR,NO,2023,91.0,7.7,91,8,89.8,194,-103,Bust
00-0033857,JuJu Smith-Schuster,WR,NE,2023,93.3,7.5,93,8,61.0,244,-151,Bust
00-0036906,Khalil Herbert,RB,CHI,2023,94.4,7.6,94,8,112.5,161,-67,Bust
00-0038544,Quentin Johnston,WR,LAC,2023,96.1,7.5,96,9,94.0,187,-91,Bust
00-0036894,Pat Freiermuth,TE,PIT,2023,96.1,9.3,96,9,89.4,195,-99,Bust
00-0036980,Elijah Moore,WR,CLE,2023,97.2,7.0,97,9,135.3,134,-37,Bust
00-0034750,Rashaad Penny,RB,PHI,2023,97.3,6.5,97,9,4.800000000000001,477,-380,Bust
00-0033526,Samaje Perine,RB,DEN,2023,99.3,7.1,99,9,121.3,148,-49,Bust
00-0029604,Kirk Cousins,QB,MIN,2023,99.4,12.7,99,9,149.74,119,-20,Reach
00-0036913,Kadarius Toney,WR,KC,2023,100.0,9.9,100,9,53.0,265,-165,Bust
00-0039064,Zay Flowers,WR,BAL,2023,100.0,9.4,100,9,235.4,51,49,Steal
00-0036550,Rashod Bateman,WR,BAL,2023,102.0,8.1,102,9,84.60000000000001,203,-101,Bust
00-0023459,Aaron Rodgers,QB,NYJ,2023,103.6,14.2,104,9,0.0,535,-431,Bust
00-0033885,David Njoku,TE,CLE,2023,103.8,10.5,104,9,217.5,71,33,Hit
00-0035710,Daniel Jones,QB,NYG,2023,103.9,12.3,104,9,56.96000000000001,256,-152,Bust
00-0033948,Jamaal Williams,RB,NO,2023,104.2,8.8,104,9,60.8,245,-141,Bust
00-0039165,Zach Charbonnet,RB,SEA,2023,107.2,7.3,107,9,106.1,170,-63,Bust
00-0038090,Skyy Moore,WR,KC,2023,109.1,9.1,109,10,53.7,261,-152,Bust
00-0034960,Jakobi Meyers,WR,LV,2023,109.4,7.3,109,10,218.58,69,40,Steal
00-0030565,Geno Smith,QB,SEA,2023,109.9,13.4,110,10,227.26,61,49,Steal
00-0035657,Damien Harris,RB,BUF,2023,110.6,8.5,111,10,19.0,390,-279,Bust
00-0031376,Jerick McKinnon,RB,KC,2023,111.3,8.3,111,10,87.86,196,-85,Bust
00-0036554,Nico Collins,WR,HOU,2023,113.1,8.2,113,10,294.2,19,94,Steal
00-0036567,Elijah Mitchell,RB,SF,2023,115.1,8.7,115,10,55.0,260,-145,Bust
00-0034521,Allen Lazard,WR,NYJ,2023,115.3,10.3,115,10,60.1,252,-137,Bust
00-0034383,Dalton Schultz,TE,HOU,2023,117.4,12.3,117,10,170.5,103,14,Hit
00-0039040,De'Von Achane,RB,MIA,2023,117.8,8.5,118,10,196.7,85,33,Hit
00-0037228,Jaylen Warren,RB,PIT,2023,119.8,11.0,120,10,203.8,78,42,Steal
00-0031235,Odell Beckham Jr.,WR,BAL,2023,120.1,13.0,120,11,114.9,155,-35,Reach
00-0037240,Jameson Williams,WR,DET,2023,120.3,10.3,120,11,110.4,164,-44,Bust
00-0033106,Jared Goff,QB,DET,2023,122.6,11.6,123,11,338.88,12,111,Steal
00-0031687,Raheem Mostert,RB,MIA,2023,122.8,11.9,123,11,271.7,32,91,Steal
00-0036936,Rondale Moore,WR,ARI,2023,123.2,11.4,123,11,105.0,173,-50,Bust
00-0037263,Tyler Allgeier,RB,ATL,2023,125.0,9.9,125,11,137.6,131,-6,Reach
00-0030035,Adam Thielen,WR,CAR,2023,126.3,10.9,126,11,231.0,56,70,Steal
00-0037816,Romeo Doubs,WR,GB,2023,127.7,10.5,128,11,213.8,73,55,Steal
00-0036309,Darnell Mooney,WR,CHI,2023,127.8,11.2,128,11,78.9,210,-82,Bust
00-0029263,Russell Wilson,QB,DEN,2023,129.9,20.7,130,11,256.90000000000003,42,88,Steal
00-0033009,Tyler Boyd,WR,CIN,2023,130.4,10.8,130,11,144.8,124,6,Hit
00-0035250,Devin Singletary,RB,HOU,2023,130.7,11.7,131,11,195.34,88,43,Steal
00-0036919,Kenneth Gainwell,RB,PHI,2023,131.1,10.4,131,11,100.68,180,-49,Bust
00-0033891,Zay Jones,WR,JAX,2023,131.1,11.7,131,11,78.1,212,-81,Bust
00-0037252,Greg Dulcich,TE,DEN,2023,131.4,14.3,131,11,5.5,471,-340,Bust
00-0033110,Tyler Higbee,TE,LA,2023,131.6,15.2,132,11,108.5,166,-34,Reach
00-0030578,Cordarrelle Patterson,RB,ATL,2023,132.4,13.3,132,12,36.900000000000006,317,-185,Bust
00-0033925,D'Onta Foreman,RB,CHI,2023,137.1,16.2,137,12,91.2,193,-56,Bust
00-0038555,Tank Bigsby,RB,JAX,2023,137.7,12.9,138,12,24.8,359,-221,Bust
00-0037809,Chig Okonkwo,TE,TEN,2023,140.4,17.3,140,12,113.4,159,-19,Reach
00-0034777,DJ Chark,WR,CAR,2023,143.2,13.4,143,12,115.5,154,-11,Reach
00-0034764,Michael Gallup,WR,DAL,2023,144.6,12.3,145,13,104.1,174,-29,Reach
00-0031280,Derek Carr,QB,NO,2023,145.3,17.2,145,13,241.12,49,96,Steal
00-0036290,Cole Kmet,TE,CHI,2023,146.0,16.7,146,13,181.1,96,50,Steal
00-0038933,Dalton Kincaid,TE,BUF,2023,146.9,21.2,147,13,174.70000000000002,99,48,Steal
00-0039032,Tyjae Spears,RB,TEN,2023,150.9,15.2,151,13,153.8,114,37,Steal
00-0026498,Matthew Stafford,QB,LA,2023,151.0,18.1,151,13,265.78,35,116,Steal
00-0039062,Jonathan Mingo,WR,CAR,2023,152.1,20.6,152,13,84.8,202,-50,Bust
00-0038102,Kenny Pickett,QB,PIT,2023,152.3,25.1,152,13,110.2,165,-13,Reach
00-0037834,Brock Purdy,QB,SF,2023,152.5,33.6,152,13,343.96,11,141,Steal
00-0035689,Dawson Knox,TE,BUF,2023,152.7,23.8,153,13,63.9,238,-85,Bust
00-0039065,Sam LaPorta,TE,DET,2023,152.9,20.3,153,13,283.9,26,127,Steal
00-0038040,Zamir White,RB,LV,2023,153.7,14.1,154,13,73.9,217,-63,Bust
00-0038976,Marvin Mims Jr.,WR,DEN,2023,154.2,22.4,154,13,74.7,216,-62,Bust
00-0033895,Gerald Everett,TE,LAC,2023,154.9,17.4,155,13,111.1,163,-8,Reach
00-0036264,Jordan Love,QB,GB,2023,155.5,23.1,156,13,355.9,10,146,Steal
00-0036233,Donovan Peoples-Jones,WR,CLE,2023,156.0,13.9,156,13,17.700000000000003,396,-240,Bust
00-0036233,Donovan Peoples-Jones,WR,DET,2023,156.0,13.9,156,13,10.8,435,-279,Bust
00-0038117,Wan'Dale Robinson,WR,NYG,2023,157.2,12.5,157,14,133.2,137,20,Hit
00-0035228,Kyler Murray,QB,ARI,2023,157.3,16.4,157,14,146.36,122,35,Hit
00-0037267,Jerome Ford,RB,CLE,2023,157.4,16.1,157,14,220.4,67,90,Steal
00-0039021,Roschon Johnson,RB,CHI,2023,157.7,23.2,158,14,102.1,176,-18,Reach
00-0036360,Clyde Edwards-Helaire,RB,KC,2023,157.9,14.9,158,14,78.10000000000001,211,-53,Bust
00-0034983,Hunter Renfrow,WR,LV,2023,159.3,13.9,159,14,48.5,273,-114,Bust
00-0034272,Marquez Valdes-Scantling,WR,KC,2023,159.6,17.0,160,14,83.3,205,-45,Bust
00-0036345,K.J. Osborn,WR,MIN,2023,160.2,16.4,160,14,120.0,149,11,Hit
00-0034184,Gus Edwards,RB,BAL,2023,160.6,12.8,161,14,196.5,86,75,Steal
00-0036555,Chuba Hubbard,RB,CAR,2023,160.7,13.9,161,14,182.5,93,68,Steal
00-0038041,Jake Ferguson,TE,DAL,2023,161.9,17.1,162,14,214.4,72,90,Steal
00-0037664,Alec Pierce,WR,IND,2023,162.0,12.9,162,14,95.4,185,-23,Reach
00-0036251,Zack Moss,RB,IND,2023,163.0,20.6,163,14,169.6,104,59,Steal
00-0038938,Jalin Hyatt,WR,NYG,2023,163.1,24.3,163,14,60.3,251,-88,Bust
00-0037216,Justyn Ross,WR,KC,2023,164.2,21.1,164,14,11.3,430,-266,Bust
00-0036326,Chase Claypool,WR,CHI,2023,169.1,10.0,169,15,15.1,402,-233,Bust
00-0036326,Chase Claypool,WR,MIA,2023,169.1,10.0,169,15,6.6,462,-293,Bust
00-0033280,Christian McCaffrey,RB,SF,2024,1.4,0.7,1,1,47.8,277,-276,Bust
00-0038120,Breece Hall,RB,NYJ,2024,2.2,0.9,2,1,240.9,53,-51,Bust
00-0033040,Tyreek Hill,WR,MIA,2024,2.6,0.9,3,1,218.2,66,-63,Bust
00-0036358,CeeDee Lamb,WR,DAL,2024,3.7,1.3,4,1,263.40000000000003,33,-29,Reach
00-0038542,Bijan Robinson,RB,ATL,2024,4.9,1.3,5,1,341.7,12,-7,Reach
00-0036963,Amon-Ra St. Brown,WR,DET,2024,6.2,1.2,6,1,337.88,13,-7,Reach
00-0036900,Ja'Marr Chase,WR,CIN,2024,7.2,1.8,7,1,403.0,6,1,Hit
00-0036322,Justin Jefferson,WR,MIN,2024,8.0,1.6,8,1,328.28000000000003,16,-8,Reach
00-0039139,Jahmyr Gibbs,RB,DET,2024,9.4,2.2,9,1,390.4,7,2,Hit
00-0036223,Jonathan Taylor,RB,IND,2024,9.8,2.0,10,1,246.7,50,-40,Bust
00-0035676,A.J. Brown,WR,PHI,2024,10.9,1.8,11,1,257.2,37,-26,Reach
00-0034844,Saquon Barkley,RB,PHI,2024,11.3,2.3,11,1,455.7000000000001,2,9,Hit
00-0037740,Garrett Wilson,WR,NYJ,2024,12.1,1.9,12,2,251.9,45,-33,Reach
00-0039849,Marvin Harrison Jr.,WR,ARI,2024,14.5,2.3,14,2,196.5,81,-67,Bust
00-0039075,Puka Nacua,WR,LA,2024,15.2,2.2,15,2,232.4,59,-44,Bust
00-0037840,Kyren Williams,RB,LA,2024,15.9,2.9,16,2,299.8,22,-6,Reach
00-0032764,Derrick Henry,RB,BAL,2024,15.9,2.8,16,2,381.4,9,7,Hit
00-0033908,Cooper Kupp,WR,LA,2024,18.9,2.7,19,2,190.0,90,-71,Bust
00-0037197,Isiah Pacheco,RB,KC,2024,19.8,2.9,20,2,65.30000000000001,244,-224,Bust
00-0031381,Davante Adams,WR,LV,2024,20.0,2.8,20,2,44.9,287,-267,Bust
00-0031381,Davante Adams,WR,NYJ,2024,20.0,2.8,20,2,196.4,82,-62,Bust
00-0039040,De'Von Achane,RB,MIA,2024,21.4,4.5,21,2,299.9,21,0,Hit
00-0037238,Drake London,WR,ATL,2024,21.5,3.1,22,2,280.8,26,-4,Reach
00-0035719,Deebo Samuel Sr.,WR,SF,2024,23.0,3.2,23,2,155.6,111,-88,Bust
00-0035700,Josh Jacobs,RB,GB,2024,23.6,3.6,24,2,314.20000000000005,20,4,Hit
00-0030506,Travis Kelce,TE,KC,2024,24.4,4.6,24,3,231.9,60,-36,Bust
00-0034857,Josh Allen,QB,BUF,2024,25.1,5.2,25,3,438.28,3,22,Hit
00-0037239,Chris Olave,WR,NO,2024,26.2,3.3,26,3,76.7,226,-200,Bust
00-0037256,Rachaad White,RB,TB,2024,29.0,3.3,29,3,203.1,76,-47,Bust
00-0036613,Jaylen Waddle,WR,MIA,2024,29.1,3.7,29,3,149.6,114,-85,Bust
00-0039065,Sam LaPorta,TE,DET,2024,29.4,4.0,29,3,191.7,87,-58,Bust
00-0037248,James Cook,RB,BUF,2024,30.3,4.1,30,3,324.3,17,13,Hit
00-0033873,Patrick Mahomes,QB,KC,2024,30.8,6.2,31,3,348.38,11,20,Hit
00-0036554,Nico Collins,WR,HOU,2024,32.1,4.0,32,3,248.9,49,-17,Reach
00-0033906,Alvin Kamara,RB,NO,2024,32.3,3.8,32,3,265.3,32,0,Hit
00-0031408,Mike Evans,WR,TB,2024,33.5,4.5,34,3,262.6,35,-1,Reach
00-0033897,Joe Mixon,RB,HOU,2024,35.0,4.3,35,3,275.4,28,7,Hit
00-0038134,Kenneth Walker III,RB,SEA,2024,35.6,4.1,36,3,181.2,99,-63,Bust
00-0036389,Jalen Hurts,QB,PHI,2024,37.3,5.4,37,4,411.56,5,32,Hit
00-0036912,DeVonta Smith,WR,PHI,2024,38.3,4.1,38,4,240.4,55,-17,Reach
00-0039337,Malik Nabers,WR,NYG,2024,38.3,4.6,38,4,273.6,29,9,Hit
00-0035640,DK Metcalf,WR,SEA,2024,40.7,5.7,41,4,191.2,88,-47,Bust
00-0034753,Mark Andrews,TE,BAL,2024,41.2,4.9,41,4,203.4,75,-34,Reach
00-0031588,Stefon Diggs,WR,HOU,2024,41.8,4.8,42,4,121.92,153,-111,Bust
00-0034827,DJ Moore,WR,CHI,2024,43.7,4.6,44,4,238.1,56,-12,Reach
00-0034796,Lamar Jackson,QB,BAL,2024,44.2,4.9,44,4,471.54,1,43,Steal
00-0033553,James Conner,RB,ARI,2024,47.6,5.0,48,4,253.8,41,7,Hit
00-0036261,Brandon Aiyuk,WR,SF,2024,48.1,5.3,48,5,62.400000000000006,251,-203,Bust
00-0031544,Amari Cooper,WR,BUF,2024,49.2,3.7,49,5,71.8,230,-181,Bust
00-0031544,Amari Cooper,WR,CLE,2024,49.2,3.7,49,5,61.0,254,-205,Bust
00-0039163,C.J. Stroud,QB,HOU,2024,49.9,6.6,50,5,251.86,46,4,Hit
00-0037744,Trey McBride,TE,ARI,2024,50.4,5.5,50,5,243.8,51,-1,Reach
00-0036410,Tee Higgins,WR,CIN,2024,51.8,4.5,52,5,222.1,64,-12,Reach
00-0035685,David Montgomery,RB,DET,2024,54.6,5.7,55,5,225.32,61,-6,Reach
00-0034775,Christian Kirk,WR,JAX,2024,55.6,4.3,56,5,70.9,231,-175,Bust
00-0036275,D'Andre Swift,RB,CHI,2024,56.5,6.5,56,5,214.5,70,-14,Reach
00-0039064,Zay Flowers,WR,BAL,2024,56.8,4.2,57,5,209.5,73,-16,Reach
00-0038977,Tank Dell,WR,HOU,2024,57.5,4.4,58,5,140.0,127,-69,Bust
00-0038933,Dalton Kincaid,TE,BUF,2024,59.1,6.0,59,5,113.9,169,-110,Bust
00-0036442,Joe Burrow,QB,CIN,2024,59.7,7.5,60,5,372.82,10,50,Steal
00-0037247,George Pickens,WR,PIT,2024,59.8,5.8,60,5,184.1,92,-32,Reach
00-0036875,Rhamondre Stevenson,RB,NE,2024,62.0,5.8,62,6,175.9,102,-40,Bust
00-0030279,Keenan Allen,WR,CHI,2024,63.5,5.7,64,6,184.4,91,-27,Reach
00-0031687,Raheem Mostert,RB,MIA,2024,64.1,6.2,64,6,70.9,231,-167,Bust
00-0039067,Rashee Rice,WR,KC,2024,64.2,9.6,64,6,64.9,246,-182,Bust
00-0034791,Nick Chubb,RB,CLE,2024,65.0,7.1,65,6,63.3,249,-184,Bust
00-0039146,Jayden Reed,WR,GB,2024,65.1,5.9,65,6,205.6,74,-9,Reach
00-0033288,George Kittle,TE,SF,2024,66.7,8.1,67,6,236.6,58,9,Hit
00-0036893,Najee Harris,RB,PIT,2024,67.1,5.7,67,6,213.4,71,-4,Reach
00-0038040,Zamir White,RB,LV,2024,67.8,6.1,68,6,29.3,334,-266,Bust
00-0033921,Chris Godwin Jr.,WR,TB,2024,68.4,6.3,68,6,137.8,129,-61,Bust
00-0033077,Dak Prescott,QB,DAL,2024,69.8,7.2,70,6,116.52,165,-95,Bust
00-0035659,Terry McLaurin,WR,WAS,2024,70.2,7.4,70,6,322.5,18,52,Steal
00-0036264,Jordan Love,QB,GB,2024,73.2,8.3,73,7,237.34,57,16,Hit
00-0036251,Zack Moss,RB,CIN,2024,74.4,8.0,74,7,81.9,213,-139,Bust
00-0034837,Calvin Ridley,WR,TEN,2024,74.7,5.8,75,7,199.2,79,-4,Reach
00-0035228,Kyler Murray,QB,ARI,2024,76.1,8.2,76,7,297.24,23,53,Steal
00-0036997,Javonte Williams,RB,DEN,2024,77.5,6.3,78,7,164.20000000000002,107,-29,Reach
00-0033881,Evan Engram,TE,JAX,2024,79.5,9.1,80,7,89.5,207,-127,Bust
00-0037228,Jaylen Warren,RB,PIT,2024,79.6,5.7,80,7,130.6,140,-60,Bust
00-0035261,Tony Pollard,RB,TEN,2024,81.7,7.4,82,7,200.7,78,4,Hit
00-0039894,Xavier Worthy,WR,KC,2024,81.9,7.1,82,7,253.7,42,40,Steal
00-0035662,Marquise Brown,WR,KC,2024,82.2,4.8,82,7,28.1,342,-260,Bust
00-0038124,Christian Watson,WR,GB,2024,84.2,7.7,84,8,105.3,181,-97,Bust
00-0039344,Jonathon Brooks,RB,CAR,2024,85.4,5.8,85,8,7.500000000000001,445,-360,Bust
00-0035250,Devin Singletary,RB,NYG,2024,87.9,6.1,88,8,96.6,194,-106,Bust
00-0033699,Austin Ekeler,RB,WAS,2024,88.0,6.7,88,8,159.6,110,-22,Reach
00-0039901,Keon Coleman,WR,BUF,2024,88.1,6.7,88,8,118.7,164,-76,Bust
00-0036212,Tua Tagovailoa,QB,MIA,2024,88.6,8.9,89,8,181.58,98,-9,Reach
00-0038041,Jake Ferguson,TE,DAL,2024,89.2,9.1,89,8,104.4,182,-93,Bust
00-0038543,Jaxon Smith-Njigba,WR,SEA,2024,90.5,10.8,90,8,253.0,43,47,Steal
00-0039032,Tyjae Spears,RB,TEN,2024,91.4,5.6,91,8,113.6,171,-80,Bust
00-0038597,Chase Brown,RB,CIN,2024,91.9,7.4,92,8,255.0,39,53,Steal
00-0035216,Diontae Johnson,WR,BAL,2024,92.1,7.7,92,8,1.6,524,-432,Bust
00-0035216,Diontae Johnson,WR,CAR,2024,92.1,7.7,92,8,84.3,212,-120,Bust
00-0035216,Diontae Johnson,WR,HOU,2024,92.1,7.7,92,8,5.4,473,-381,Bust
00-0033106,Jared Goff,QB,DET,2024,94.3,13.1,94,8,333.68,14,80,Steal
00-0033045,Ezekiel Elliott,RB,DAL,2024,96.2,8.3,96,9,57.5,259,-163,Bust
00-0039919,Rome Odunze,WR,CHI,2024,97.7,7.0,98,9,144.9,123,-25,Reach
00-0039915,Ladd McConkey,WR,LAC,2024,98.4,6.0,98,9,275.6,27,71,Steal
00-0037267,Jerome Ford,RB,CLE,2024,98.5,8.9,98,9,134.0,135,-37,Bust
00-0039910,Jayden Daniels,QB,WAS,2024,99.2,12.1,99,9,428.2,4,95,Steal
00-0034184,Gus Edwards,RB,LAC,2024,100.6,6.5,101,9,66.30000000000001,242,-141,Bust
00-0033885,David Njoku,TE,CLE,2024,101.1,9.4,101,9,148.5,117,-16,Reach
00-0037816,Romeo Doubs,WR,GB,2024,103.0,7.1,103,9,135.4,133,-30,Reach
00-0030564,DeAndre Hopkins,WR,KC,2024,104.5,5.9,104,9,122.6,152,-48,Bust
00-0030564,DeAndre Hopkins,WR,TEN,2024,104.5,5.9,104,9,38.3,296,-192,Bust
00-0034351,Dallas Goedert,TE,PHI,2024,105.5,11.5,106,9,149.4,115,-9,Reach
00-0037834,Brock Purdy,QB,SF,2024,105.7,10.4,106,9,266.86,30,76,Steal
00-0032211,Tyler Lockett,WR,SEA,2024,106.6,7.3,107,9,121.0,156,-49,Bust
00-0037240,Jameson Williams,WR,DET,2024,107.8,8.1,108,9,225.2,62,46,Steal
00-0039921,Trey Benson,RB,ARI,2024,108.5,5.7,108,10,47.0,279,-171,Bust
00-0036555,Chuba Hubbard,RB,CAR,2024,108.8,6.6,109,10,241.6,52,57,Steal
00-0039738,Blake Corum,RB,LA,2024,110.3,7.2,110,10,33.5,316,-206,Bust
00-0034348,Courtland Sutton,WR,DEN,2024,110.8,8.2,111,10,252.8,44,67,Steal
00-0039893,Brian Thomas Jr.,WR,JAX,2024,114.2,8.5,114,10,284.0,25,89,Steal
00-0036355,Justin Herbert,QB,LAC,2024,114.6,12.7,115,10,291.08,24,91,Steal
00-0033536,Mike Williams,WR,NYJ,2024,116.1,8.1,116,10,28.6,338,-222,Bust
00-0033536,Mike Williams,WR,PIT,2024,116.1,8.1,116,10,32.9,319,-203,Bust
00-0036158,J.K. Dobbins,RB,LAC,2024,116.2,7.6,116,10,194.4,84,32,Hit
00-0039918,Caleb Williams,QB,CHI,2024,116.7,13.3,117,10,254.54,40,77,Steal
00-0037261,Khalil Shakir,WR,BUF,2024,117.4,9.7,117,10,217.9,68,49,Steal
00-0034383,Dalton Schultz,TE,HOU,2024,117.9,16.1,118,10,132.8,136,-18,Reach
00-0035229,T.J. Hockenson,TE,MIN,2024,118.7,9.9,119,10,103.9,185,-66,Bust
00-0036139,Rico Dowdle,RB,DAL,2024,118.9,9.5,119,10,197.8,80,39,Steal
00-0039338,Brock Bowers,TE,LV,2024,121.7,10.0,122,11,262.7,34,88,Steal
00-0033282,Curtis Samuel,WR,BUF,2024,122.6,8.6,123,11,89.8,206,-83,Bust
00-0026498,Matthew Stafford,QB,LA,2024,123.1,11.3,123,11,250.3,48,75,Steal
00-0037263,Tyler Allgeier,RB,ATL,2024,125.1,10.4,125,11,106.2,180,-55,Bust
00-0038794,Jaleel McLaughlin,RB,DEN,2024,126.6,8.6,127,11,98.0,192,-65,Bust
00-0036971,Trevor Lawrence,QB,JAX,2024,126.7,11.0,127,11,145.7,121,6,Hit
00-0029604,Kirk Cousins,QB,ATL,2024,130.1,10.8,130,11,176.32,101,29,Hit
00-0037276,Ty Chandler,RB,MIN,2024,130.3,7.1,130,11,28.4,340,-210,Bust
00-0023459,Aaron Rodgers,QB,NYJ,2024,130.4,13.6,130,11,256.58,38,92,Steal
00-0039165,Zach Charbonnet,RB,SEA,2024,130.7,6.7,131,11,183.7,93,38,Steal
00-0034960,Jakobi Meyers,WR,LV,2024,131.7,13.8,132,11,218.0,67,65,Steal
00-0036407,Jerry Jeudy,WR,CLE,2024,132.9,8.2,133,12,240.9,53,80,Steal
00-0038994,Jordan Addison,WR,MIN,2024,134.1,9.7,134,12,218.4,65,69,Steal
00-0036945,Justin Fields,QB,PIT,2024,134.7,55.4,135,12,119.14,162,-27,Reach
00-0031236,Brandin Cooks,WR,DAL,2024,135.1,9.4,135,12,69.6,234,-99,Bust
00-0036894,Pat Freiermuth,TE,PIT,2024,135.5,11.6,136,12,172.8,104,32,Hit
00-0036906,Khalil Herbert,RB,CHI,2024,136.4,9.8,136,12,10.0,429,-293,Bust
00-0036906,Khalil Herbert,RB,CIN,2024,136.4,9.8,136,12,21.5,360,-224,Bust
00-0036290,Cole Kmet,TE,CHI,2024,137.1,13.8,137,12,120.4,158,-21,Reach
00-0037545,Rashid Shaheed,WR,NO,2024,139.8,7.7,140,12,81.80000000000001,214,-74,Bust
00-0039342,Xavier Legette,WR,CAR,2024,141.3,11.9,141,12,125.1,148,-7,Reach
00-0039391,Kimani Vidal,RB,LAC,2024,143.9,14.2,144,12,32.7,320,-176,Bust
00-0039875,Ray Davis,RB,BUF,2024,147.7,13.2,148,13,125.7,146,2,Hit
00-0037525,Jordan Mason,RB,SF,2024,149.1,18.1,149,13,115.0,167,-18,Reach
00-0033537,Deshaun Watson,QB,CLE,2024,149.3,13.2,149,13,76.72,225,-76,Bust
00-0037258,Dameon Pierce,RB,HOU,2024,151.4,16.3,151,13,46.0,281,-130,Bust
00-0039144,Luke Musgrave,TE,GB,2024,151.7,19.6,152,13,11.5,423,-271,Bust
00-0037838,Isaiah Likely,TE,BAL,2024,152.0,22.8,152,13,149.3,116,36,Steal
00-0037741,Jahan Dotson,WR,PHI,2024,152.0,12.7,152,13,56.2,263,-111,Bust
00-0038544,Quentin Johnston,WR,LAC,2024,152.2,19.5,152,13,174.70000000000002,103,49,Steal
00-0039361,Bucky Irving,RB,TB,2024,152.9,13.2,153,13,260.7,36,117,Steal
00-0038997,Josh Downs,WR,IND,2024,155.9,13.6,156,13,182.2,97,59,Steal
00-0033357,Taysom Hill,TE,NO,2024,155.9,15.0,156,13,102.34,188,-32,Reach
00-0034855,Baker Mayfield,QB,TB,2024,156.0,14.3,156,13,381.5,8,148,Steal
00-0039874,Jaylen Wright,RB,MIA,2024,156.6,14.3,157,14,26.7,346,-189,Bust
00-0036328,Antonio Gibson,RB,NE,2024,158.6,12.6,159,14,103.4,186,-27,Reach
00-0030035,Adam Thielen,WR,CAR,2024,159.0,13.9,159,14,139.5,128,31,Hit
00-0039811,MarShawn Lloyd,RB,GB,2024,159.1,14.1,159,14,2.8,502,-343,Bust
00-0030565,Geno Smith,QB,SEA,2024,159.8,13.4,160,14,266.0,31,129,Steal
00-0038393,Dontayvion Wicks,WR,GB,2024,160.0,17.6,160,14,116.4,166,-6,Reach
00-0039152,Will Levis,QB,TEN,2024,160.0,10.7,160,14,119.94,160,0,Hit
00-0034972,Alexander Mattison,RB,LV,2024,160.7,11.1,161,14,137.4,130,31,Hit
00-0039890,Adonai Mitchell,WR,IND,2024,160.9,14.9,161,14,53.76,269,-108,Bust
00-0036309,Darnell Mooney,WR,ATL,2024,161.8,14.4,162,14,193.2,85,77,Steal
00-0039916,Ricky Pearsall,WR,SF,2024,162.7,15.7,163,14,93.5,200,-37,Bust
00-0039907,Ja'Lynn Polk,WR,NE,2024,163.4,15.0,163,14,32.7,320,-157,Bust
00-0035689,Dawson Knox,TE,BUF,2024,165.9,19.5,166,14,67.6,237,-71,Bust
00-0036550,Rashod Bateman,WR,BAL,2024,169.6,9.7,170,15,201.6,77,93,Steal
00-0036196,Gabe Davis,WR,JAX,2024,169.6,9.4,170,15,53.9,267,-97,Bust
00-0038559,Michael Wilson,WR,ARI,2024,170.2,22.3,170,15,124.5,149,21,Hit
00-0039384,Tyrone Tracy Jr.,RB,NYG,2024,174.0,15.7,174,15,182.3,96,78,Steal
00-0039732,Bo Nix,QB,DEN,2024,177.5,21.3,178,15,331.26,15,163,Steal
